fold,config,validation_users,validation_churn,pr_auc_ap,roc_auc,selected_10,found_10,false_alarms_10,recall_10,precision_10,f1_10,selected_15,found_15,false_alarms_15,recall_15,precision_15,f1_15,selected_20,found_20,false_alarms_20,recall_20,precision_20,f1_20
1,baseline,2602,237,0.3375552755138122,0.8446989768155504,261,97,164,0.4092827004219409,0.3716475095785441,0.3895582329317269,391,131,260,0.5527426160337553,0.3350383631713555,0.4171974522292994,521,158,363,0.6666666666666666,0.30326295585412666,0.41688654353562005
1,shallow,2602,237,0.3384217338105849,0.8462011935665159,261,95,166,0.4008438818565401,0.36398467432950193,0.3815261044176707,391,128,263,0.540084388185654,0.3273657289002558,0.40764331210191085,521,161,360,0.679324894514768,0.30902111324376197,0.42480211081794195
1,deep,2602,237,0.3317455111373128,0.8434233414510129,261,93,168,0.3924050632911392,0.3563218390804598,0.37349397590361444,391,126,265,0.5316455696202531,0.32225063938618925,0.4012738853503185,521,158,363,0.6666666666666666,0.30326295585412666,0.41688654353562005
1,stronger_l2,2602,237,0.3340487640839076,0.8458390201693117,261,98,163,0.41350210970464135,0.37547892720306514,0.39357429718875503,391,130,261,0.5485232067510548,0.33248081841432225,0.4140127388535032,521,158,363,0.6666666666666666,0.30326295585412666,0.41688654353562005
1,slower_longer,2602,237,0.33116322297876666,0.8455392904612804,261,93,168,0.3924050632911392,0.3563218390804598,0.37349397590361444,391,130,261,0.5485232067510548,0.33248081841432225,0.4140127388535032,521,162,359,0.6835443037974683,0.31094049904030713,0.42744063324538256
1,faster_shorter,2602,237,0.3443991207543737,0.8467631867690742,261,97,164,0.4092827004219409,0.3716475095785441,0.3895582329317269,391,132,259,0.5569620253164557,0.3375959079283887,0.42038216560509556,521,158,363,0.6666666666666666,0.30326295585412666,0.41688654353562005
2,baseline,2602,237,0.3510082954483274,0.8475624659904908,261,104,157,0.4388185654008439,0.39846743295019155,0.41767068273092367,391,131,260,0.5527426160337553,0.3350383631713555,0.4171974522292994,521,152,369,0.6413502109704642,0.29174664107485604,0.40105540897097625
2,shallow,2602,237,0.36837313887619877,0.8541547354617711,261,106,155,0.4472573839662447,0.4061302681992337,0.42570281124497994,391,137,254,0.5780590717299579,0.35038363171355497,0.43630573248407645,521,157,364,0.6624472573839663,0.30134357005758156,0.41424802110817943
2,deep,2602,237,0.3513546845837842,0.8480941294011649,261,103,158,0.4345991561181435,0.3946360153256705,0.41365461847389556,391,126,265,0.5316455696202531,0.32225063938618925,0.4012738853503185,521,151,370,0.6371308016877637,0.28982725527831094,0.39841688654353563
2,stronger_l2,2602,237,0.35274351569660317,0.8491663767495383,261,101,160,0.42616033755274263,0.38697318007662834,0.40562248995983935,391,130,261,0.5485232067510548,0.33248081841432225,0.4140127388535032,521,153,368,0.6455696202531646,0.29366602687140114,0.40369393139841686
2,slower_longer,2602,237,0.3493673279432771,0.8471235760608736,261,98,163,0.41350210970464135,0.37547892720306514,0.39357429718875503,391,130,261,0.5485232067510548,0.33248081841432225,0.4140127388535032,521,153,368,0.6455696202531646,0.29366602687140114,0.40369393139841686
2,faster_shorter,2602,237,0.36425056252594956,0.851246643651707,261,103,158,0.4345991561181435,0.3946360153256705,0.41365461847389556,391,136,255,0.5738396624472574,0.34782608695652173,0.43312101910828027,521,153,368,0.6455696202531646,0.29366602687140114,0.40369393139841686
3,baseline,2602,237,0.3886179057888973,0.8704311290711055,261,106,155,0.4472573839662447,0.4061302681992337,0.42570281124497994,391,135,256,0.569620253164557,0.3452685421994885,0.4299363057324841,521,159,362,0.6708860759493671,0.30518234165067176,0.41952506596306066
3,shallow,2602,237,0.3923648146584143,0.8733713347784587,261,109,152,0.459915611814346,0.41762452107279696,0.43775100401606426,391,140,251,0.5907172995780591,0.35805626598465473,0.445859872611465,521,162,359,0.6835443037974683,0.31094049904030713,0.42744063324538256
3,deep,2602,237,0.3864861675324711,0.8699208749252906,261,104,157,0.4388185654008439,0.39846743295019155,0.41767068273092367,391,136,255,0.5738396624472574,0.34782608695652173,0.43312101910828027,521,161,360,0.679324894514768,0.30902111324376197,0.42480211081794195
3,stronger_l2,2602,237,0.3860756241865487,0.8717727763356259,261,114,147,0.4810126582278481,0.4367816091954023,0.4578313253012048,391,135,256,0.569620253164557,0.3452685421994885,0.4299363057324841,521,162,359,0.6835443037974683,0.31094049904030713,0.42744063324538256
3,slower_longer,2602,237,0.39457845297321875,0.8680743258311701,261,102,159,0.43037974683544306,0.39080459770114945,0.40963855421686746,391,135,256,0.569620253164557,0.3452685421994885,0.4299363057324841,521,158,363,0.6666666666666666,0.30326295585412666,0.41688654353562005
3,faster_shorter,2602,237,0.3922862980197026,0.872038608040963,261,109,152,0.459915611814346,0.41762452107279696,0.43775100401606426,391,138,253,0.5822784810126582,0.35294117647058826,0.4394904458598726,521,158,363,0.6666666666666666,0.30326295585412666,0.41688654353562005
