variant,fold,users,churn_users,pr_auc_ap,roc_auc,f1_at_0_5,selected_10,found_10,false_alarms_10,precision_10,recall_10,selected_20,found_20,false_alarms_20,precision_20,recall_20
no_position,1,1562,143,0.21867322962882263,0.7460242365104944,0.025974025974025976,157,43,114,0.27388535031847133,0.3006993006993007,313,75,238,0.23961661341853036,0.5244755244755245
no_position_no_time,1,1562,143,0.12595524614529507,0.5829181389435089,0.0,157,25,132,0.1592356687898089,0.17482517482517482,313,40,273,0.12779552715654952,0.27972027972027974
no_position,2,1561,142,0.2038040604332096,0.7582655907254661,0.02666666666666667,157,36,121,0.22929936305732485,0.2535211267605634,313,67,246,0.21405750798722045,0.47183098591549294
no_position_no_time,2,1561,142,0.13748757132521822,0.595137420718816,0.0,157,22,135,0.14012738853503184,0.15492957746478872,313,44,269,0.14057507987220447,0.30985915492957744
no_position,3,1561,142,0.2682499239257881,0.7760970332211734,0.040268456375838924,157,45,112,0.28662420382165604,0.31690140845070425,313,76,237,0.24281150159744408,0.5352112676056338
no_position_no_time,3,1561,142,0.1274766843569318,0.5613058194125996,0.0,157,25,132,0.1592356687898089,0.176056338028169,313,38,275,0.12140575079872204,0.2676056338028169
no_position,4,1561,142,0.21756779522123565,0.7303298295764723,0.06451612903225806,157,41,116,0.2611464968152866,0.2887323943661972,313,64,249,0.20447284345047922,0.4507042253521127
no_position_no_time,4,1561,142,0.09254162870510234,0.4695828246434208,0.0,157,11,146,0.07006369426751592,0.07746478873239436,313,24,289,0.07667731629392971,0.16901408450704225
no_position,5,1561,142,0.23319490311907223,0.7490049529027583,0.03870967741935484,157,45,112,0.28662420382165604,0.31690140845070425,313,72,241,0.23003194888178913,0.5070422535211268
no_position_no_time,5,1561,142,0.10538805288592161,0.5451121102938987,0.0,157,22,135,0.14012738853503184,0.15492957746478872,313,39,274,0.12460063897763578,0.2746478873239437
