covariate,coef,hazard_ratio,p_value
games_7d,-0.08395864035284419,0.9194692842338705,0.18265956422552057
games_30d,-0.17238796730093817,0.84165257613982,0.036941324444216016
games_prev30d,0.0014795984701003104,1.0014806936159755,0.9784872515851535
activity_change_30d,-0.12357827655389667,0.8837524614393563,0.17039138637644236
active_days_30d,-0.2785322990265168,0.7568938204215194,3.4450103883953655e-05
days_since_last_game,0.3134878442617055,1.3681888313153496,2.4228351938178664e-12
avg_gap_30d,0.128430988737436,1.1370429498139825,0.03903244931349867
max_gap_30d,-0.006337695010739611,0.99368234581838,0.8993186571861604
last_gap,-0.0009302040824784567,0.9990702284232225,0.9842591027626978
winrate_20,0.015930143703040314,1.0160577048981445,0.701619455197265
avg_kda_20,-0.057334746533672085,0.9442779226935293,0.21259013900526857
avg_deaths_20,0.08770037323788096,1.0916609821752965,0.041472168427432635
losing_streak,0.12489905086914979,1.133034068488974,0.0010554880834967534
winrate_change_10,-0.11453444689936315,0.8917812187911327,0.0036928845882791333
unique_champions_20,0.04951382665941659,1.0507601206167008,0.217305479432355
mode_switch_rate_20,-0.038702898139810024,0.9620364895219315,0.33644017363979933
ranked_solo_ratio_30d,0.03835240305652295,1.0390973494463798,0.5435095098168532
ranked_flex_ratio_30d,0.03335828351754247,1.0339209097089177,0.47180972480220496
normal_ratio_30d,-0.023392737629900417,0.9768787513796171,0.6555693207642295
aram_ratio_30d,-0.02344136363334916,0.9768312508249739,0.5176035418981859
play_style_insufficient_recent_games,0.46213674143666694,1.5874623602687095,0.001698586266406664
play_style_mixed_or_other,-0.06301062967746039,0.9389334930758998,0.6431170662515484
play_style_ranked_solo_focused,-0.055654937558587185,0.945865462231322,0.6746735303215612
activity_trend_activity_growing,-0.12637969430389323,0.881280166190043,0.3642506084244431
activity_trend_roughly_stable,-0.24664021639688094,0.781421785707784,0.01660885950310797
