team_id,player_id,cutoff_date,churn,synthetic_duration_days,synthetic_event_observed,survival_7d,survival_14d,survival_30d,survival_60d,survival_90d
4,233ea11270a56d7f,2026-08-01,0,102.65,0,0.9938727167624861,0.9886212892734673,0.975475441629993,0.9491723100642038,0.9244325939314347
3,c4bbda1b9c7fb014,2026-08-01,1,97.59,1,0.9507460215546952,0.9102416026207883,0.8154191944916214,0.6513642276810749,0.524283407831406
2,25ca007debf92212,2026-08-01,0,12.84,1,0.9151873945574421,0.8478765848536308,0.6990383716810616,0.4713230607721254,0.32205162838115586
2,d64959903d661250,2026-08-01,1,4.06,1,0.9490213798953003,0.9071695746836747,0.8094598617577903,0.6414035884355436,0.5122539157542411
2,74490dabe5c00a8e,2026-08-01,0,6.58,1,0.9042350856147316,0.8290810324366376,0.6658512730684161,0.42554022698766664,0.27610836860311544
4,388fec8ebdaefb1a,2026-08-01,0,35.16,1,0.9651794675331281,0.9361396093923305,0.8665962776338266,0.7402219462527283,0.6356559819025943
4,29fefcfbfa904c44,2026-08-01,0,78.2,0,0.9908195066741113,0.9829738154581824,0.9634252537484056,0.9247066224575643,0.8887760748726415
1,6d42f14d56818889,2026-08-01,0,86.12,0,0.9950084075345258,0.9907257795624167,0.979986515089052,0.9584173670956353,0.9380286873659317
3,a977e1422ddb24e4,2026-08-01,0,137.3,0,0.9431919699562249,0.8968215058079588,0.7895592204745261,0.6087231652439549,0.47345123800909317
2,aac7f68d84e822e6,2026-08-01,0,89.52,0,0.9503365830460654,0.9095118527040723,0.814001440795594,0.6489872522590358,0.5214042076789526
4,36a3cf77bd4b77a5,2026-08-01,0,179.4,0,0.9750898961277531,0.9541165412616754,0.9031097950012629,0.8072669611602992,0.7243384808936174
2,14b6c45a574e8d90,2026-08-01,0,7.56,1,0.8122268353019585,0.6789244738343791,0.43161605739493547,0.17115587052861275,0.07002790112576589
3,e593372da32c82fd,2026-08-01,0,108.77,0,0.9952350136611399,0.9911459396602471,0.9808884917769543,0.9602715244644329,0.940763497463642
4,d6f05b420cf0f9ee,2026-08-01,0,111.35,1,0.9721134416929995,0.9487007986189382,0.8920241849233285,0.78658984721633,0.6965743732963864
1,c890fe83da509848,2026-08-01,0,67.63,1,0.923128193744641,0.8616258990145441,0.7238673509911705,0.5071815432985184,0.35966046952506264
3,786148badc8885a8,2026-08-01,0,119.52,0,0.9739822722671908,0.9520995212295409,0.8989724830989927,0.7995170757098622,0.7138896463888111
4,8aa295b010434c48,2026-08-01,0,131.03,0,0.9883358831286101,0.9783909458563314,0.9537059712958077,0.9052171806450903,0.8607112122605157
3,0526640e5c66a7b4,2026-08-01,0,127.63,0,0.9922457821119874,0.9856101101764856,0.9690403472880729,0.9360653830938767,0.9052718048778907
2,2bf5fd0b35cd50ab,2026-08-01,0,45.26,1,0.9642825083458617,0.9345203923703793,0.8633472912156283,0.734403691548352,0.6281450578804952
3,bc2c28c3baaedf99,2026-08-01,0,100.3,0,0.9907955554769984,0.9829295725240949,0.9633311699753013,0.924516919520167,0.8885014458325311
3,06149af9c732896c,2026-08-01,0,95.91,1,0.9628543522450553,0.9319449213485266,0.858193116877472,0.7252229876704116,0.616354664514703
4,1e64dc128cb958a9,2026-08-01,0,82.05,0,0.9883451856671064,0.9784080927288326,0.9537422371246863,0.9052894978641491,0.860814788882545
4,e12c45d3f23460ed,2026-08-01,1,24.07,1,0.9453029691970009,0.9005624953702615,0.7967227962880042,0.6203838976706477,0.487178444138233
1,aa380779241472bd,2026-08-01,1,178.79,0,0.9425083643100064,0.895611605204611,0.7872498598102331,0.6049887385721293,0.4690829599679644
4,821509b68e904378,2026-08-01,0,104.25,0,0.9894493736897542,0.9804443717614253,0.9580542773999194,0.9139096634653819,0.8731910184430011
3,c2b74433a5c4ba78,2026-08-01,0,131.84,1,0.9580081336988243,0.9232300068059489,0.8408756826141496,0.6948197799143798,0.5778495039732936
1,dc6c97c77992dab7,2026-08-01,1,139.08,0,0.9725551740063313,0.9495036411104371,0.8936628823945837,0.7896286755963169,0.7006318510454805
4,04eadda387a64c19,2026-08-01,0,34.99,1,0.903189284148034,0.8272965094516441,0.6627455583298745,0.42138106881809023,0.2720535318788916
2,10a06bf73f6bc148,2026-08-01,0,124.8,0,0.9941655401266857,0.9891637070047066,0.97663706613396,0.9515484707241589,0.9279206831145071
2,af34bbf275360e12,2026-08-01,0,63.25,1,0.9536765554583154,0.9154726567007945,0.8256210079383075,0.6686027026621076,0.545322886965836
3,d61d7d49b0911399,2026-08-01,0,73.68,1,0.988397585478433,0.9785046811019562,0.9539465365131917,0.9056969451875058,0.861398435202211
2,9324409800f96072,2026-08-01,0,111.89,0,0.9989576796221707,0.9980600975220462,0.9957957058837122,0.9911878116475005,0.9867560036206365
4,cc0c932ba11d19c2,2026-08-01,0,46.03,1,0.8626425561138948,0.7594841385882232,0.5505003228997861,0.28534380044776625,0.15122749160008558
2,278ad97f85b849a2,2026-08-01,1,65.39,1,0.9588886490286992,0.9248106121628964,0.844002382384374,0.7002586836317886,0.5846763346266467
1,700ae1bf41eaa37b,2026-08-01,1,50.63,1,0.9793868684340004,0.961960169987122,0.9192960509126498,0.8379632397012946,0.7662228057975053
1,33aba5fef1698d0e,2026-08-01,0,104.7,1,0.9429083748850514,0.8963194845197427,0.7886005600800973,0.6071714704349196,0.4716345186057286
3,c2f856d6bd816347,2026-08-01,0,174.42,0,0.9484123385971513,0.9060858651349396,0.8073632289211817,0.6379183249115086,0.5080669658493562
3,8b0c143fd843722e,2026-08-01,0,129.93,0,0.9898026821189854,0.9810963363800389,0.9594370992187513,0.9166831178360867,0.8771855598056422
2,f32612d758a07a45,2026-08-01,0,149.66,0,0.9756047041597327,0.9550546965039508,0.9050376292668995,0.810891502674803,0.7292427805084499
2,06cfc518ea4b0a6a,2026-08-01,0,32.37,1,0.8759944590480643,0.7815179810125504,0.5857418189547635,0.325075126284283,0.18403880720833432
2,a5ecf0a392194af2,2026-08-01,0,122.77,0,0.9927411361371679,0.9865264758964462,0.9709962525399545,0.9400390469778396,0.9110665805518533
4,a045bb22b2b4ab9c,2026-08-01,1,165.9,0,0.9868003488483411,0.9755624843494637,0.9477339176427876,0.8933496723584905,0.8437708007991024
2,01fc5059633603e3,2026-08-01,0,6.22,1,0.8151963556185228,0.6835534816601618,0.4380266660212719,0.17654015507581314,0.07337247733909971
2,7d5590a2df32d96a,2026-08-01,0,103.94,0,0.9955993889409449,0.991821716349,0.9823401505939159,0.9632595847260822,0.945176397734893
2,cb30441a77e12c15,2026-08-01,1,44.96,1,0.937959431372515,0.8875797970766292,0.7720118013273691,0.580649204245724,0.44094805000804416
1,191467b84deb1bb1,2026-08-01,0,80.15,0,0.9775735483964211,0.9586465372426812,0.9124390664259153,0.8248860867869212,0.7482826440616274
4,096a087971a43c60,2026-08-01,0,159.72,0,0.9810847656497346,0.9650676788479315,0.9257516529399089,0.8503734428175198,0.7833796247419286
4,170b1887461b2ad8,2026-08-01,0,94.08,0,0.9807483974321822,0.9644516857691513,0.9244700409370195,0.8479020746871678,0.7799528400210023
3,58516adc65369d10,2026-08-01,0,148.97,0,0.9803275260700604,0.9636811980302076,0.9228683404803887,0.844818769246066,0.7756846321271232
4,490741697a376311,2026-08-01,1,3.34,1,0.960279920456204,0.9273106223950801,0.8489605935473857,0.7089290792802915,0.5956148614820852
3,3a7b20de812e67bd,2026-08-01,0,154.21,0,0.9739340843305055,0.9520118142440999,0.8987928108525822,0.799181406662327,0.7134382323669186
4,b45281366e799c1f,2026-08-01,0,127.47,1,0.9842162806871351,0.9708111772574872,0.9377474456420594,0.8736880864800386,0.8159549167482033
4,4c94fdffd05355a4,2026-08-01,1,155.43,0,0.9811213379092762,0.965134664814544,0.9258910791252294,0.8506425295419531,0.7837530435693623
2,4906d7d7f742425a,2026-08-01,0,71.8,1,0.9791661696334731,0.9615565855372562,0.9184594230708403,0.8363619090409483,0.7640183190572192
4,6121b1d3358511b7,2026-08-01,0,143.61,0,0.9844274779924308,0.9711991011935581,0.9385606605808297,0.8752805880316462,0.8181961985589778
1,89b7b507a1730a33,2026-08-01,0,17.43,1,0.9768157208703898,0.9572632635071385,0.9095848098060417,0.8194744142486841,0.7409004213400485
1,792e23ad41ab5669,2026-08-01,0,142.76,1,0.9444490921686793,0.8990484361190775,0.7938193405570565,0.6156437344565119,0.48158234323255034
1,67e7715584349de3,2026-08-01,0,158.87,0,0.9870735049046051,0.9760653619113683,0.948794222298586,0.895450690634147,0.8467616725508758
3,99ee6f601f914330,2026-08-01,0,133.81,0,0.9710617428072212,0.9467906155364052,0.8881317904682491,0.7793963333643891,0.6870011382805209
3,d4a9ae08542688c7,2026-08-01,0,170.56,0,0.9897692292280507,0.9810345967282905,0.9593061028655182,0.9164201963825284,0.8768066173184242
1,3b0f39cc347cc124,2026-08-01,0,174.75,0,0.9787681801567306,0.96082899378422,0.9169521677625152,0.8334810276682542,0.7600577060696038
4,d77aaa677cdc5ff7,2026-08-01,1,55.76,1,0.9260514719330412,0.8667132644483604,0.7331727926758538,0.520975907196191,0.37449603863911013
3,14475dadfc55c9d7,2026-08-01,0,136.85,0,0.9835846374039738,0.969651412839372,0.9353184678966626,0.8689405182431106,0.8092854794635098
1,195e230ceb88e198,2026-08-01,1,122.3,1,0.8639462513455185,0.7616226939058429,0.5538691620043045,0.2890246543984813,0.15417551098949508
2,a9853773d97be2e9,2026-08-01,0,132.64,0,0.9845593084887464,0.9714412817739144,0.9390685426580623,0.8762759336496632,0.8195980939811153
3,34614059140da0c2,2026-08-01,1,146.85,0,0.9656996749948136,0.9370792976760227,0.8684847954126409,0.7436149443561345,0.6400499168917798
1,0bb6a3f97ee5bd3c,2026-08-01,0,62.0,1,0.8513650215106823,0.7411009678281262,0.5219978868563627,0.2551890749565221,0.1278104718859961
2,2d4bf7dbf80cbc23,2026-08-01,1,0.18,1,0.8877562547345922,0.8011691979777826,0.618169223160713,0.3640375909175317,0.21825391100774694
3,b93bcc0e93df0491,2026-08-01,0,108.98,0,0.9889355797953958,0.9794966192805712,0.956046004828763,0.9098896158414252,0.8674119272049826
3,132820fe45333f01,2026-08-01,0,142.49,0,0.9842169397085686,0.9708123876262509,0.937749982378262,0.8736930517539362,0.8159619016476121
2,508e9f2595b06550,2026-08-01,0,75.46,0,0.9572389857747584,0.9218503403699193,0.8381515865006278,0.6900993178348468,0.5719463341350868
1,79d8bb92e6a05456,2026-08-01,0,56.83,1,0.8549105049754632,0.746857878619959,0.5308359385190241,0.2643508053489742,0.13478467783988826
3,2392ceb9a13f1ac2,2026-08-01,0,135.46,0,0.9935953642220829,0.9881076562721902,0.974376148586361,0.9469265183851486,0.9211399411896103
2,8a3b32d1252f1c1c,2026-08-01,0,38.85,1,0.8977255246658026,0.8180022730983187,0.6466966934880517,0.40022931438676174,0.25174720303644743
3,f973fe9cc07d10c2,2026-08-01,0,82.46,0,0.9775440836510257,0.9585927375324533,0.9123279656208024,0.8246750904391235,0.7479943570476946
2,9323e43c015b9bdc,2026-08-01,0,113.5,0,0.9212305444671613,0.8583308527274198,0.7178744696287,0.4984003442643823,0.3503219817052218
2,f3342644297985e7,2026-08-01,0,46.61,1,0.9132711852513027,0.8445740511702621,0.693144081424111,0.46301257992567507,0.3135365028460293
4,d571303f843c4c98,2026-08-01,1,38.58,1,0.7739308284205306,0.6205348710657433,0.3551060778375848,0.11359681500915499,0.0377671410113562
2,55ba9d9aa6e7c68a,2026-08-01,0,65.61,1,0.955821159376331,0.9193096041709955,0.8331474705491407,0.6814718401869956,0.5612100339555887
1,19f450b69ecece4c,2026-08-01,0,150.62,0,0.9686011658500653,0.942328474707191,0.8790749968064105,0.7627924983217431,0.66507524171396
4,4495172f2cc3c904,2026-08-01,0,64.41,1,0.7451565424706136,0.5782665730133226,0.3047064321945083,0.08235851206576296,0.023267522779050094
2,d8e05853a5a086f2,2026-08-01,0,75.07,0,0.9960727319561873,0.9926999048835111,0.9842283465432659,0.9671534821758526,0.9509374856521483
1,eccf637814b32715,2026-08-01,0,47.66,1,0.7399761577933784,0.5708035845671746,0.29623836446639124,0.07762351664040688,0.02128216534411744
3,4b43d7fe4ea73751,2026-08-01,0,96.03,0,0.9827708096522764,0.9681580844965276,0.9321958846997376,0.8628571714170825,0.8007664599664593
1,3e925d48749c3ae1,2026-08-01,0,129.24,0,0.9768015045022449,0.9572373229972411,0.9095313300284071,0.8193731946828903,0.7407625792325614
2,1ab078ca72d24705,2026-08-01,0,14.65,1,0.8808857108390182,0.7896626803185928,0.5990674911679384,0.34080669579827194,0.19761728685853538
3,84559f8bdecfee77,2026-08-01,0,111.5,1,0.9747734403993091,0.9535400631812114,0.9019262777416442,0.8050460326220917,0.7213388844186172
4,7947d52ade2c4691,2026-08-01,0,41.81,1,0.974248892833237,0.9525848655973397,0.8999670858889554,0.801376558477912,0.7163920513068623
4,2b8b7f0d6dc93d31,2026-08-01,0,80.99,1,0.9442353337994266,0.8986695932498365,0.7930937413145039,0.6144621009737848,0.4801907275180264
2,1884a997e6bdff2a,2026-08-01,0,177.42,0,0.9935842178757871,0.9880870167823195,0.9743319892849361,0.9468363617430601,0.9210078410834984
3,7cc77d4f9904a8e1,2026-08-01,0,124.35,0,0.9533598007317952,0.9149065751248174,0.8245137126473736,0.6667202378323054,0.5430118374383212
1,fed7181527fd1083,2026-08-01,0,135.94,1,0.9760169770403971,0.95580630561187,0.9065837252303077,0.813804482623623,0.7331923337688264
2,4ed6825b5d444d4c,2026-08-01,1,37.97,1,0.9283604497678081,0.8707413648916476,0.7405861777019984,0.5321043861678427,0.386610548913442
2,648e10ad78aa1e46,2026-08-01,0,160.25,0,0.9918639952194367,0.9849041036839384,0.9675348860132916,0.9330128587845711,0.900828770624232
3,300e25f5df0d3324,2026-08-01,0,131.97,0,0.9718414865886295,0.9482066802668503,0.8910164363370673,0.7847241098768706,0.6940871470892104
4,968e58bb88ff566f,2026-08-01,0,155.13,0,0.992168037360368,0.985466324335451,0.9687336415250228,0.9354430723075087,0.9043654180061534
3,f40f5844be3626a3,2026-08-01,0,88.33,1,0.9891859519694779,0.9799584068132949,0.9570242415295165,0.9118466352791172,0.8702236642398602
3,14f98f1241a934c7,2026-08-01,0,161.32,0,0.9900265227598575,0.9815094962329493,0.9603139709806107,0.9184440960032131,0.8797250343245684
2,45f0018bee284ebd,2026-08-01,0,93.17,0,0.975944787009114,0.9556746771749292,0.9063128564630977,0.8132937467124086,0.7324993360653822
4,907cd68bbb73ce35,2026-08-01,1,113.8,1,0.9647817639697972,0.9354215031301091,0.8651545733365721,0.7376371863179192,0.6323155495169317
4,6be2aaa3e7701251,2026-08-01,0,107.02,0,0.9944990233215526,0.9897816096030303,0.9779612547740624,0.9542609617786689,0.931907882514827
1,6b2d7312c431b085,2026-08-01,0,122.55,0,0.9833741421644817,0.9692650637116572,0.9345100633324309,0.8673634540406756,0.8070740758775742
2,3c02cfdb48c403ce,2026-08-01,0,103.41,0,0.9308137442741181,0.875030703601447,0.7485245729987403,0.5441576996697804,0.39987728073028866
1,7bc67f7a0682c5e2,2026-08-01,1,32.33,1,0.8258732427189419,0.700317258861494,0.4616695053463766,0.1971548376352316,0.0866523690831366
2,340208c9e3ba3250,2026-08-01,0,109.8,0,0.9829682844312284,0.9685203417514979,0.93295285561081,0.8643298288423338,0.8028259647469534
4,88ce8ff5ef57afac,2026-08-01,1,43.53,1,0.9558039200268522,0.9192787313386825,0.8330867641898776,0.6813675269225373,0.5610806421445846
1,f091e14ef1aea014,2026-08-01,0,85.92,1,0.973072661035571,0.9504445666444997,0.8955854877672158,0.7932018160797984,0.7054128698588441
3,a34c251f8d9d84cb,2026-08-01,0,4.37,1,0.9962539779322667,0.9930362639811218,0.9849520710623957,0.9686481521021117,0.9531519987856124
3,3437b467460612b9,2026-08-01,0,135.28,0,0.9785277789474807,0.9603896234315482,0.9160426287592914,0.8317451067975496,0.7576745184557997
4,2b4f532883f382e9,2026-08-01,1,15.22,1,0.8044841452436458,0.6669233731577453,0.41523301279710945,0.15779214067185843,0.06195689324546685
3,660dc136de6699be,2026-08-01,0,91.53,0,0.9879151508247335,0.9776155778974567,0.9520668361814183,0.9019517628888492,0.8560386726292099
3,d52fb3aab5d5ad6a,2026-08-01,0,116.25,0,0.9691316347041836,0.9432896299318697,0.8810216219196703,0.7663454443168289,0.6697468984316187
3,3d290213df0015b5,2026-08-01,0,52.07,1,0.8791562328839394,0.7867783617857441,0.5943299287351785,0.33516915139555786,0.19271401501547786
3,2a191c9f48e96d58,2026-08-01,0,92.96,0,0.9902050096186373,0.9818390008355765,0.9610136061833854,0.919850409009277,0.8817548240480443
2,0fefd2ecf8a42402,2026-08-01,0,21.85,1,0.8974378863631302,0.8175143273971824,0.6458599887080351,0.3991422184892919,0.2507179282385403
1,85928afec42ecc6d,2026-08-01,0,159.78,0,0.9431405437983916,0.8967304613296901,0.7893853152292759,0.6084415268370111,0.47312132229224574
3,14140a36ad4a52b1,2026-08-01,0,110.77,1,0.8200502171792653,0.6911512181692476,0.44865914011128183,0.18566326279911777,0.0791579214812548
3,1ae0520afd8f0a62,2026-08-01,1,15.65,1,0.9374280697901113,0.8866437853873158,0.7702464301427594,0.5778632388057559,0.4377651157818292
1,8abd7939c21373e2,2026-08-01,0,116.31,0,0.9631377590310505,0.9324557424173284,0.8592140774037716,0.7270367339051444,0.6186780269837399
2,eb0a2a7e48c134f0,2026-08-01,0,132.13,0,0.9922728387853281,0.9856601527009121,0.9691471039479487,0.9362820449053104,0.9055874413603848
1,726c4f30ec344953,2026-08-01,0,14.72,1,0.9863173109746761,0.9746735101311694,0.9458611014734434,0.8896449613722319,0.8385056907723283
1,e1503acfa140750e,2026-08-01,1,28.23,1,0.8993624851642488,0.8207817565900002,0.6514739523821577,0.40646589458249033,0.25767938181650846
2,3a1fb817043dd1e1,2026-08-01,0,122.39,0,0.9536048223586931,0.9153444461964879,0.8253701490154429,0.6681759845859867,0.5447987279856981
4,3ff23cac429f5fe7,2026-08-01,0,138.76,1,0.981516384014722,0.9658583707844944,0.9273981397835265,0.8535539410949485,0.7877971094286856
1,e88b25ab79960bd1,2026-08-01,0,149.43,0,0.9913344235320699,0.9839251989042263,0.9654495944788553,0.9287932806929637,0.8946991673698995
4,12d4d2441731262f,2026-08-01,0,59.65,1,0.9851505219423317,0.9725277203521092,0.9413487591103247,0.8807519999280413,0.8259123744860075
1,09a0aeb9a31b9be4,2026-08-01,1,172.85,0,0.9765082595027937,0.9567023134380048,0.9084287153780037,0.8172877690871517,0.7379245390654395
3,dd78744d874a9086,2026-08-01,0,82.69,0,0.977394353606645,0.9583193668829334,0.9117635455390916,0.8236036126625274,0.7465309596103991
3,3159ee2cbfe5f888,2026-08-01,1,46.41,1,0.9697386735145325,0.9443900786019284,0.8832532082859927,0.7704291419016264,0.675129983033334
2,35356ec1cb10981c,2026-08-01,0,142.87,0,0.9742768382258157,0.9526357427923519,0.9000713814526919,0.8015716778001901,0.7166548043409867
1,fbe9e0862e9d9a51,2026-08-01,1,124.26,0,0.9864661574022651,0.974947404427322,0.9464379060866229,0.8907851076421438,0.8401248787625537
3,9db146f013d7d60a,2026-08-01,1,11.26,1,0.9185301069299372,0.8536519366618872,0.7094107982011604,0.4861355875166113,0.3374178259560909
3,c6e8bd22f69cdd3c,2026-08-01,0,107.9,0,0.9877154526454982,0.9772476535282328,0.9512895723902073,0.9004054910477579,0.853829071293773
3,9e0438deaf9d2e3f,2026-08-01,0,170.54,0,0.982184430343565,0.9670827717674089,0.9299508675551478,0.8584973159867006,0.7946796561209116
2,b543ed956b53fb21,2026-08-01,0,144.2,0,0.9843648376000331,0.9710840368079751,0.93831940850182,0.8748079906650542,0.8175308508589932
3,487f2e6378a4ab54,2026-08-01,0,84.46,0,0.9578459019134267,0.922938922504565,0.8403005516684015,0.6938217574408774,0.5765997299744261
3,ebdd07791f2d2e8e,2026-08-01,1,36.96,1,0.6477059647386495,0.44544119644135993,0.17296934132968217,0.025065780285022328,0.0038776025311908716
4,f11c7195afa6c721,2026-08-01,1,159.45,0,0.9843315849532053,0.9710229574534073,0.9381913588186922,0.874557203873435,0.8171778537729311
3,c9857f5257291cce,2026-08-01,0,121.45,0,0.9067348033487369,0.8333536840302732,0.6733190495868192,0.4356286947594751,0.28602717168984887
4,eb570e702413cb24,2026-08-01,0,134.53,0,0.9821743751961788,0.9670643372851385,0.9299124058422589,0.858422723616823,0.7945756534296967
3,c59723bf8f7e3dd0,2026-08-01,0,88.02,0,0.9838904622460487,0.9702128597166447,0.9364939222261968,0.871236314602002,0.8125083426764508
3,f48c2e37f0b902d9,2026-08-01,1,60.55,1,0.8969170478061839,0.8166311269645413,0.6443470060182932,0.3971803961758338,0.24886404305321394
4,ac65efd990e917dc,2026-08-01,0,113.24,0,0.9801108413834668,0.9632846252940086,0.922044523310825,0.8432351967836886,0.7734955605642607
3,cc67012a8db11b6e,2026-08-01,1,4.17,1,0.7041269974282314,0.5203912443308789,0.24238848669508328,0.05092686980037014,0.011279665973039409
3,e16e25ac48f5cff5,2026-08-01,0,133.77,0,0.9917892000713149,0.984765818722697,0.9672401602269846,0.9324158743044767,0.8999607023694243
4,af301b05f28b9e22,2026-08-01,0,126.37,0,0.9597496210664754,0.9263573457483304,0.8470681356240994,0.7056131515016938,0.5914234582315494
3,57924900120516eb,2026-08-01,0,158.2,0,0.9906795817135976,0.9827153574582516,0.9628757060080492,0.9235988470319442,0.8871727743423946
2,f7b256f8a3dfb961,2026-08-01,0,34.44,1,0.9183272365447044,0.853300911244427,0.7087780116612952,0.4852250448288966,0.33646632010857525
4,139d67cdfc6eea43,2026-08-01,1,30.91,1,0.8783856446729332,0.7854947951221772,0.5922281585048341,0.3326838885788834,0.19056563450932557
1,f788de6da2b3c6ac,2026-08-01,1,112.35,1,0.972109442813173,0.9486935321450007,0.8920093605856562,0.7865623847355344,0.6965377412099487
2,b6db7c0d3d750039,2026-08-01,0,84.07,0,0.9940038155892351,0.988864116009863,0.9759953794764212,0.9502354839054539,0.9259927359906972
1,749de0f3d14315d2,2026-08-01,0,104.96,0,0.991244311505244,0.9837586731309774,0.9650950978167979,0.9280769549462361,0.8936599885356135
1,d87d4ec86044f014,2026-08-01,0,132.58,0,0.9559931373966021,0.9196176147248851,0.8337532533486052,0.6825132303884205,0.562502340362732
4,8d8e69cca84826e3,2026-08-01,0,164.9,0,0.9804188252912,0.9638483149845019,0.9232156183280994,0.8454867863262602,0.7766086974685186
2,23d4f88574e2f7bc,2026-08-01,0,121.83,0,0.987835857379984,0.9774694798040672,0.9517581536358617,0.9013375100547069,0.8551606839266243
1,0e5472b8e8232a95,2026-08-01,0,85.18,0,0.9903881530809753,0.9821771552155594,0.9617318930233834,0.9212953860627916,0.8838420563186988
3,87981be00758ff81,2026-08-01,0,53.83,1,0.9402270967683478,0.8915795059940721,0.7795800341608463,0.592672375489578,0.4547729505000813
3,947bfb88e3f67301,2026-08-01,0,141.68,1,0.8980376662577008,0.8185319383383541,0.6476055978946961,0.401411972061456,0.25286856537681285
1,9a7d1c980913ec5a,2026-08-01,0,171.51,0,0.9776278982032481,0.9587457782803093,0.9126440264273775,0.8252754094178352,0.7488146785609578
4,e30afb71f4ef8526,2026-08-01,0,122.57,0,0.9917198109430974,0.9846375367157468,0.9669667969499316,0.9318623398245841,0.8991560656269213
2,e0de95821fcd6427,2026-08-01,0,129.69,0,0.9864422991437688,0.9749035001301897,0.9463454335672362,0.8906022694629779,0.8398651489572697
1,a3fd80de9dc7cd70,2026-08-01,0,11.97,1,0.7756504962585781,0.6231046637854197,0.35830458287362554,0.11575704653761337,0.038854152155575965
2,63bd5cb0d0672682,2026-08-01,1,9.16,1,0.9106002462233089,0.8399807180538789,0.6849907203228531,0.4516446138764131,0.30201349274848693
1,ac8fae57837a95a4,2026-08-01,0,81.57,1,0.9731339470919615,0.9505560291511462,0.8958133881261303,0.793625926771807,0.705981073803035
1,6dca2bef02df2780,2026-08-01,0,116.64,0,0.9758551041041579,0.9555111646157707,0.90597643640764,0.8126596446562274,0.7316392541820707
1,1809141471f54353,2026-08-01,1,24.7,1,0.9368146472047829,0.8855637890079435,0.7682122027602236,0.5746616918909655,0.43411696778199405
3,01a6a68c2be44d47,2026-08-01,0,106.34,1,0.9367058924966476,0.8853723782539104,0.7678519735365337,0.5740957203242019,0.4334731137911689
2,4ed99218d8cb68f3,2026-08-01,0,130.47,1,0.9121382532222071,0.8426242811771555,0.6896768037807325,0.4581601709460517,0.3086001795195404
4,6b75bf556a7ae109,2026-08-01,0,92.74,1,0.9557215147516261,0.9191311637092775,0.8327966296001365,0.68086909691665,0.5604625201951905
4,e50ea2b9e240a5a1,2026-08-01,1,0.17,1,0.8877562547345922,0.8011691979777826,0.618169223160713,0.3640375909175317,0.21825391100774694
4,bd7bc48eda406aec,2026-08-01,0,165.0,0,0.9784534252498511,0.9602537493982222,0.915761454916455,0.8312088499638173,0.7569388181385286
4,a6b7fc6f155ff21b,2026-08-01,0,146.74,0,0.9600979042083959,0.9269833752371117,0.8483106813368813,0.7077893973732716,0.5941731573633224
3,352c458ff5d9d235,2026-08-01,0,91.08,0,0.9919572307473434,0.9850764947157126,0.9679023696228701,0.9337574990014543,0.901911937572562
4,72e945036dbf7efc,2026-08-01,1,134.57,0,0.9685602527004912,0.9422543631132693,0.8789249951858948,0.7625190770006031,0.6647161842947718
2,8e018e1cf59e297b,2026-08-01,0,138.45,0,0.9852355624079485,0.97268404051647,0.941677089101895,0.8813974962050733,0.8268243038568007
1,3671719ef747dedd,2026-08-01,0,136.49,0,0.9816364165823778,0.9660783145721195,0.9278564172162257,0.8544402968489535,0.7890296810910078
2,8610ac51fea63c8f,2026-08-01,1,38.51,1,0.9566212434080444,0.9207429507774413,0.8359685372381476,0.6863285805231332,0.5672455006502668
2,8bd1fb76f5d0df8b,2026-08-01,0,83.98,0,0.9241853424389214,0.8634640488600019,0.7272221686831244,0.5121323589835264,0.36496177352617143
2,e9c374cf26088b52,2026-08-01,0,91.22,0,0.9864007986914173,0.9748271326048038,0.9461845976489971,0.8902843089029412,0.8394135360631275
2,4efa4623975067f6,2026-08-01,0,149.63,0,0.9966641233490485,0.9937976129635732,0.9865912811901838,0.9720379983088425,0.9581808295254157
3,72a3bc4213e3cb58,2026-08-01,0,118.44,0,0.9908862792524931,0.9830971634208631,0.9636875826200657,0.9252356689648723,0.8895421153135307
4,e79626606f34bd34,2026-08-01,0,110.94,0,0.9785428199120425,0.9604171103898927,0.9160995151448347,0.8318536229752601,0.7578234229579969
3,d44b1eb158d4c168,2026-08-01,1,104.54,0,0.9906752094748511,0.9827072819215957,0.9628585380773007,0.9235642512161384,0.8871227189520192
1,a47d173b8743ed77,2026-08-01,0,97.75,0,0.9825054413907708,0.9676713789656232,0.9311793887761239,0.8608816880779809,0.7980065492265506
1,940a2889a0a02a63,2026-08-01,0,96.66,0,0.9652362437602043,0.9362421471711678,0.8668022429465595,0.7405915980038995,0.636134187233369
4,84924cb9d0bc8aee,2026-08-01,0,99.97,0,0.989792194384349,0.9810769803381254,0.9593960294216497,0.9166006828093991,0.8770667422242682
2,6289932c97c782e9,2026-08-01,0,90.38,0,0.9843363994006379,0.9710318006496137,0.9382098975353125,0.8745935098326362,0.8172289533631047
2,abfb637f85e686aa,2026-08-01,0,172.33,0,0.9677865338563992,0.940853328210369,0.8760919013222871,0.7573645899314746,0.6579595107198215
4,3e9fa9d0f5f0d001,2026-08-01,0,65.28,1,0.9360704353506124,0.8842543422166967,0.7657496834091045,0.5707985508668324,0.42972861894698716
1,d0d2df123e6865e5,2026-08-01,0,140.25,0,0.9879070216266146,0.9776005993929493,0.9520351864486137,0.901888772439232,0.8559486226380515
4,90b55e4026a9c198,2026-08-01,0,94.71,0,0.9641411594238664,0.9342653435168908,0.862836131102492,0.7334905008948223,0.6269689250486
2,9f8e93b9b39832b0,2026-08-01,0,146.18,0,0.9855110863288741,0.9731905845222925,0.942741442416391,0.8834917170324168,0.8297852567728701
4,a8fbdc207572ccd8,2026-08-01,0,37.72,1,0.9932019002990881,0.9873792069967415,0.9728182450319254,0.9437485865326437,0.9164873899180416
4,b984a1401d698b91,2026-08-01,0,60.74,1,0.9895296180347984,0.9805924300808315,0.958368215835002,0.9145389271995407,0.8740967947287863
3,05224b7ff78912bb,2026-08-01,1,88.65,0,0.9878397793657597,0.977476705821353,0.9517734198178394,0.9013678833450124,0.855204091189124
3,794117e30646a384,2026-08-01,1,5.34,1,0.9603449306964295,0.9274275173178627,0.8491928116782255,0.7093365285088794,0.5961305719901608
4,e886b7bb5ede34be,2026-08-01,0,106.18,0,0.9821729414180994,0.9670617086987717,0.9299069216282301,0.8584120878481658,0.7945608245569128
1,c5bd619a6d6deffd,2026-08-01,0,97.92,1,0.9347218285124849,0.8818837432994877,0.7613024238580748,0.5638563852838762,0.42188040003519167
1,70f7edf7972b0f6e,2026-08-01,0,136.11,0,0.903611166446833,0.8280161820352226,0.6639971067845446,0.4230545614933692,0.2736826247518507
2,a1dbebb92f69153d,2026-08-01,0,89.18,0,0.9812026614745706,0.9652836252513939,0.926201169499747,0.8512411509776974,0.7845839810213403
3,dee0c348249c23a2,2026-08-01,0,50.66,1,0.9709793277057167,0.946641001675234,0.8878273086785573,0.7788350824800157,0.6862560915321132
3,2ea59cc760760b49,2026-08-01,0,42.69,1,0.9286450997807878,0.8712385463908836,0.7415039872258063,0.5334907163986818,0.38812877461114353
1,f7cc7434f047173b,2026-08-01,1,56.68,1,0.9258088280915652,0.8662904650486125,0.7323969967439843,0.5198184564483607,0.37324349094298204
3,cbef5db1ab91129c,2026-08-01,0,125.46,0,0.9867213383402993,0.9754170491659301,0.9474273903786113,0.8927427633568394,0.8429075073264282
2,b2bc58c5faba8549,2026-08-01,0,109.76,1,0.9661036759739139,0.9378093748854871,0.8699535819618284,0.7462594556363638,0.6434816088613807
2,c98c1097d6fccede,2026-08-01,0,106.63,0,0.9923807678702983,0.985859784062456,0.9695730443877052,0.9371467492699246,0.9068475251490518
3,d8289618d25b5479,2026-08-01,0,68.44,1,0.9489195887313947,0.9069884088477179,0.809109159487268,0.6408199178630226,0.5115519301576489
1,70632f98cccca6c2,2026-08-01,0,116.86,0,0.9890432146152108,0.9796951290651407,0.9564664558426011,0.9107304825770816,0.8686196631584427
4,553bb4ca0bdec86c,2026-08-01,0,153.19,0,0.991042651836896,0.9833860561412594,0.9643021326101425,0.9264756712115463,0.8913384633027231
3,2f05c90e1be551d3,2026-08-01,0,115.05,0,0.9768288839001035,0.9572872822877427,0.9096343291971452,0.819568143951994,0.7410280713434316
3,d2d47b41db34b331,2026-08-01,0,98.94,1,0.9793582702302123,0.9619078689953972,0.9191876081485145,0.8377555864741915,0.765936817595433
2,e18062ddc29aff75,2026-08-01,0,86.51,0,0.9836119991679513,0.9697016386571,0.9354235890722427,0.8691457026470361,0.8095733442720158
3,04d43b36d10bcbe0,2026-08-01,0,105.12,0,0.9914006020164952,0.9840475041339063,0.9657100000566693,0.9293196625946142,0.8954630520209932
2,71aad5e0843f41a0,2026-08-01,0,111.1,1,0.9799950920240664,0.9630728136918633,0.9216046806845386,0.8423903521781546,0.7723285297423456
2,e2d911ec09621d3e,2026-08-01,0,93.83,1,0.98245815611993,0.9675846660830518,0.9309983496346703,0.8605301010428812,0.797515689383461
2,82035e2d07e6717e,2026-08-01,1,0.81,1,0.9156821241807496,0.8487302066891051,0.7005662744405029,0.4734899281873935,0.3242844317311965
4,b535b1bbb88f52a8,2026-08-01,0,99.72,0,0.976770694181299,0.9571811047318505,0.9094154344880808,0.8191538651646071,0.7404639230508546
2,7b15ff83fc652e74,2026-08-01,0,148.93,0,0.9934427418030746,0.9878250654146391,0.9737716239556512,0.9456926977349811,0.9193326645294035
2,cb57c13fcc674c89,2026-08-01,0,121.95,0,0.9829928469210164,0.9685654047539712,0.9330470421968838,0.8645131572320748,0.8030824731048736
2,81c7cf0b0c4e9653,2026-08-01,0,2.64,1,0.673693029600649,0.4792925209888166,0.20276309304995332,0.035001123767831196,0.0064117335734228875
4,66b1542542b54ffa,2026-08-01,0,113.98,0,0.9801544733544924,0.963364473731028,0.92221036392557,0.8435538567154149,0.77393589704853
3,73a854d1911e1c4d,2026-08-01,0,121.18,0,0.9964230765026925,0.9933501273008948,0.9856276513826039,0.9700444838607691,0.9552223770876898
1,6a7b141c6cd0e624,2026-08-01,1,99.86,1,0.8525193599356027,0.7429730385200785,0.5248631269476358,0.258140702001871,0.13004373422208884
4,802c32d889b1616d,2026-08-01,0,144.15,0,0.9700646953111632,0.9449813407513344,0.8844534785576872,0.7726302836021559,0.6780375056520401
2,3b68ed7b710b1263,2026-08-01,0,91.75,0,0.9753685162164701,0.9546242287884015,0.904152777260159,0.8092268266908453,0.7269889572944482
4,9c6dd133222b3b38,2026-08-01,0,0.75,1,0.9414885532952786,0.8938080666426664,0.7838141796346825,0.5994552398346847,0.46263532380579514
4,a8634870630fd1e8,2026-08-01,1,50.21,1,0.8519078397412617,0.7419810214652371,0.5233437726588752,0.25657332402711364,0.12885620432630684
2,2c575b577a43e020,2026-08-01,0,171.5,0,0.9641714421364934,0.9343199826863364,0.8629456233042084,0.7336860592728504,0.6272207297465072
4,2d5ce71632421963,2026-08-01,0,128.74,0,0.977977530141803,0.9593843089022995,0.9139633611221568,0.8277837970872463,0.752245598064726
1,586b37ae69ed9199,2026-08-01,0,90.14,0,0.911676123397666,0.8418295572788331,0.6882662343569556,0.4561937623993887,0.3066072739284706
4,02e61cd5ee2ac311,2026-08-01,1,30.78,1,0.7763676122151093,0.6241777414143497,0.3596447714693794,0.11666853472638544,0.03931590683506596
3,a8d309f5e65bc8ea,2026-08-01,0,111.79,1,0.9610434912920067,0.9286840296620398,0.8516911041333944,0.7137277849178403,0.6016981178320419
1,6738742764c7ea60,2026-08-01,1,13.0,1,0.9663982478171314,0.9383418667211596,0.8710257054988496,0.748192891824944,0.645994463246362
3,45864395db5190a8,2026-08-01,0,64.61,1,0.9806226737295128,0.9642214939651814,0.9239913582123191,0.8469799841804257,0.7786755686652852
2,76de68f843bcf88e,2026-08-01,0,81.27,1,0.8957474348475811,0.8146493924444358,0.6409591201523998,0.39280582978475437,0.24474685060982973
2,125027c777192160,2026-08-01,0,36.73,1,0.9638602435973085,0.9337585569412128,0.861820931248825,0.7316786055475429,0.624637510862496
2,283db194c3531376,2026-08-01,0,103.07,0,0.9788652520680723,0.9610064340671122,0.9173196242082876,0.8341828827132007,0.7610219732791489
4,e6ebcb5bbb501884,2026-08-01,0,96.78,1,0.9768091261413281,0.9572512301095765,0.909560001161317,0.8194274588586727,0.7408364758136319
4,c0619d05b47270a8,2026-08-01,1,47.96,1,0.9721117524875413,0.9486977291143422,0.8920179228090288,0.7865782464213331,0.6965588989662432
3,393e65484d96a9d9,2026-08-01,1,148.26,1,0.9639121223875865,0.9338521393590576,0.8620083479639644,0.7320129240057888,0.6250674676973923
1,b27a0e6ef8ce17f5,2026-08-01,0,133.66,0,0.9797362207193065,0.9625991789971688,0.9206215521877165,0.8405035748123562,0.769724358589613
4,5e5ef45624a9213d,2026-08-01,0,164.03,1,0.9277627341159619,0.8696977975909125,0.7386617192294371,0.5292036719636701,0.3834403383818684
3,02bdc8b6d11cd161,2026-08-01,0,167.7,0,0.9866141236504142,0.9752197144037661,0.9470115621559766,0.8919197892579415,0.8417373481354601
2,c506c90dc3fa6cf7,2026-08-01,0,173.44,0,0.9768727900441532,0.9573674005141543,0.9097995190241964,0.8198808538787983,0.7414540028557772
3,32787db450f56afe,2026-08-01,0,35.22,1,0.9253906382730391,0.8655620063504055,0.7310613842226185,0.5178289459727028,0.3710938193792294
4,768104980c4f277a,2026-08-01,0,123.1,0,0.9354761885347869,0.8832094042469196,0.7637876515656699,0.567730334780179,0.426253961044966
4,15196236628f9eca,2026-08-01,0,94.48,0,0.9819178721779248,0.9665941355991404,0.928931666715701,0.8565218325920384,0.7919268225193891
1,427cf635471a9f59,2026-08-01,0,97.5,1,0.9104316088518521,0.8396910940643356,0.684478368274825,0.4509352018876897,0.3012992236802304
3,bcc74d1d1ad3cfd3,2026-08-01,0,24.59,1,0.917062190970348,0.8511135183457313,0.7048417001069659,0.4795810085922243,0.33058856312131335
1,9ae331b95f5a663f,2026-08-01,0,108.16,0,0.9930909854738053,0.9871739069960094,0.9723794213817214,0.9428544506525719,0.9151797863827709
1,8b047bc6ffd1e51d,2026-08-01,1,33.6,1,0.9297529869492495,0.8731748787153044,0.7450843472156888,0.5389168403053077,0.39409033753822315
3,cdc1dae41c300e8b,2026-08-01,0,17.83,1,0.9527433009807168,0.9138052752783937,0.8223617881240979,0.6630697977090153,0.5385397059596946
4,2145327dd856767f,2026-08-01,1,60.41,1,0.9675319767481427,0.9403925921944558,0.8751613042893416,0.7556754728993258,0.6557504119394976
4,4d69281d1307c779,2026-08-01,0,167.1,0,0.9850662050585353,0.9723727417484334,0.9410233078247431,0.8801124077335531,0.8250091198306871
1,f1dce9bd42f8dfef,2026-08-01,1,28.3,1,0.792635354149066,0.6487498623290889,0.39107314616092476,0.13912074039696873,0.051251403440685024
3,908929396ab4c953,2026-08-01,0,160.36,0,0.9932725220348966,0.9875099360004717,0.973097730654418,0.9443182908149822,0.9173208649381761
3,5d27647521aa8de8,2026-08-01,0,175.82,0,0.9870695692971002,0.976058115645584,0.9487789391911858,0.8954203884319566,0.8467185110479645
3,d95b49000de70581,2026-08-01,0,54.71,1,0.744680125558618,0.5775783616047687,0.3039201486622979,0.08191266538015798,0.023078053989029457
3,f8b89e7cbb1cf588,2026-08-01,1,75.66,0,0.9785172106872778,0.9603703104380072,0.9160026601650515,0.8316688673489708,0.7575699095481337
1,372c7b3abfe38a50,2026-08-01,0,76.3,0,0.9634255649276524,0.9329746251911476,0.860251820605512,0.7288827276890814,0.6210457128209285
2,2ea2896545f929df,2026-08-01,0,83.77,0,0.9769311681149434,0.95747393135769,0.9100191921137802,0.8202967993003497,0.742020675378341
2,b08f396d0d912b19,2026-08-01,1,26.04,1,0.9023087728688498,0.8257954128689182,0.6601391686134921,0.4179071211050519,0.2686822065495014
3,fcd6fd5e159014ad,2026-08-01,0,77.04,0,0.9959339373852827,0.9924423634287162,0.9836744032704392,0.9660102695903909,0.949244863033926
2,63bdd698166d4220,2026-08-01,0,7.2,1,0.9787332847857695,0.9607652113303919,0.9168201017381129,0.8332288524278197,0.7597113469737506
3,f77741bcb5b14788,2026-08-01,0,99.91,1,0.9563488403039948,0.9202548258913761,0.8350072482538364,0.684671598144744,0.5651839318662323
4,b9ef24b5896c16c7,2026-08-01,0,171.92,0,0.9535599127011428,0.9152641821852805,0.8252131239603225,0.6679089531991547,0.5444708062802642
1,e322f6fb39627a50,2026-08-01,0,114.81,0,0.9836274813250907,0.9697300585572636,0.9354830739182082,0.8692618214486171,0.8097362691544854
1,fc8fb72d30197032,2026-08-01,0,46.05,1,0.9838197659765336,0.970083058984076,0.9362220985648988,0.8707051298418442,0.8117622771084217
4,c948f726ff92f236,2026-08-01,0,110.74,0,0.9849173347775501,0.9720991387232635,0.9404488962468777,0.8789841411082997,0.823416552032642
2,1b4bb246f0f92421,2026-08-01,1,0.09,1,0.9099801852720785,0.8389160302538363,0.6831082776481174,0.4490410198421809,0.2993948604265253
2,7ba3dd9ecd3bd65a,2026-08-01,1,109.0,0,0.9606911996503606,0.928050258499674,0.850430498049812,0.7115102387148571,0.5988843814139936
1,cefe75b9b49cd6e4,2026-08-01,0,60.87,1,0.9356178429753023,0.883458440917482,0.7642550099376835,0.5684604013762122,0.4270798786003117
4,d7d0b453ca3f0177,2026-08-01,0,122.75,0,0.9828169889177182,0.968242792347248,0.9323728601198706,0.8632013523418911,0.8012476362098597
1,96f45c518539a896,2026-08-01,0,167.62,0,0.9828721835231492,0.9683440417759949,0.9325844187050357,0.8636128848180424,0.80182309965236
1,4d49fadfcdbfee17,2026-08-01,0,108.7,1,0.9708273410455176,0.9463651184346378,0.887266001446875,0.7778009808529563,0.684884058801261
1,f39aec30f987bbd8,2026-08-01,0,41.87,1,0.8872231464257905,0.8002736118562502,0.6166708753489759,0.36218632644266285,0.21658423988093461
1,4c8d130952e3da7a,2026-08-01,0,117.25,0,0.9811609628196201,0.9652072444637365,0.9260421609119456,0.850934161452274,0.7841578164884702
1,3de9ab97144a2a7b,2026-08-01,0,139.86,0,0.9908179467070644,0.9829709338405691,0.9634191257612927,0.9246942658572997,0.8887581856080822
2,c34cdf43a9bf0e3f,2026-08-01,1,3.39,1,0.7517272530842809,0.587797023485987,0.3157077114440196,0.08872973887348883,0.026031220871145507
2,ea208e41f6132ea0,2026-08-01,0,106.88,0,0.9856277485002418,0.9734051018685498,0.9431923829387465,0.8843797727409041,0.8310419245720382
1,f468b545e11fbe17,2026-08-01,0,35.58,1,0.941472172262593,0.893779110476169,0.7837590851857758,0.5993667218703186,0.46253242655219434
2,2e09794fe8e6f725,2026-08-01,1,11.67,1,0.9186095140077031,0.8537893524548538,0.7096585978352292,0.4864924003834742,0.33779093722054526
3,79bef50ddebf7136,2026-08-01,0,116.05,0,0.9867352783090891,0.9754427078327356,0.9474814661251441,0.8928498149913537,0.8430597606002135
1,e7b157a06d48e0fe,2026-08-01,1,47.91,1,0.9617970926822577,0.9300404278128813,0.8543924385041274,0.7184919103398674,0.6077580563658126
3,123324da5cd7db74,2026-08-01,1,133.87,0,0.9817183349917851,0.9662284325211502,0.9281692748047119,0.8550456725280584,0.7898718923328627
1,d8fe81b7b0ff7676,2026-08-01,0,77.54,0,0.977177009882515,0.9579226143225638,0.9109447175334281,0.8220504722831417,0.744411430289909
4,f195e7eab7f7003a,2026-08-01,0,6.4,1,0.8134351386763196,0.6808062687025459,0.434215966355082,0.17332900666898618,0.07137148117514273
3,ab473cdfdea50b90,2026-08-01,0,3.24,1,0.9858078194564386,0.9737362576802103,0.9438887394086742,0.8857520545970659,0.8329850665656596
4,0ac921e312a84339,2026-08-01,0,150.99,0,0.9971725380522932,0.9947417532155364,0.9886260883478613,0.9762545627437976,0.9644484954772521
3,64347532b9b13da8,2026-08-01,0,68.49,1,0.9973947718836458,0.9951545779810959,0.9895165167954103,0.9781027332134008,0.9672000148349691
3,c9cde92dc888c743,2026-08-01,0,154.12,0,0.9355689578726661,0.8833724944166658,0.7640936997414663,0.5682083610592121,0.4267946869990986
4,b086128a410e88e2,2026-08-01,0,158.01,0,0.9884122092156881,0.9785316377690906,0.954003558255404,0.905810684440439,0.8615613842863022
4,c56913660bc2b848,2026-08-01,0,109.75,0,0.9872110025420293,0.9763185390771432,0.9493282818740019,0.8965099214843288,0.8482708722488489
4,082a4ceb329f8d16,2026-08-01,1,125.85,0,0.982664527679674,0.9679631416915426,0.9317886702975484,0.8620654960015897,0.7996600405319386
3,a6c4257d648a354d,2026-08-01,0,166.95,0,0.9407880479914409,0.8925701962384921,0.78146076585891,0.5956802098831936,0.45825389860556476
2,8ee9c751fa1d27bf,2026-08-01,1,85.66,1,0.9661424649277598,0.9378794849289349,0.870094701418891,0.746513796517654,0.643811983347228
1,edfa1cb9a2eb0b3c,2026-08-01,0,100.69,0,0.9736782270184744,0.9515461903592386,0.8978392807311084,0.7974012293606311,0.711045821358377
2,df02099efa532a09,2026-08-01,0,176.98,0,0.9369384539426526,0.8857817149906992,0.7686224437293643,0.5753065949666104,0.4348510063315797
1,bfdcdc2960ad08e4,2026-08-01,0,103.41,1,0.9548623782670115,0.9175933142961701,0.8297762864756414,0.6756917179846856,0.5540554181297139
4,f37fed1992705733,2026-08-01,0,108.23,0,0.9718928754425592,0.9483000401339657,0.8912067956371089,0.7850763616444333,0.6945565071176131
4,20741e43cc7e0c54,2026-08-01,0,140.15,1,0.9442871878623867,0.8987614871508642,0.7932697132040023,0.6147485607486077,0.4805279683336841
1,317127f4637f01f5,2026-08-01,0,90.31,0,0.9732680781053953,0.9507999977440489,0.8963123244224427,0.7945548359493302,0.7072261205856828
1,bd5df7b0046cc5ec,2026-08-01,1,142.53,0,0.9816205571275183,0.9660492528917022,0.9277958569626781,0.8543231394391664,0.7888667241454212
3,4155c614086b000c,2026-08-01,0,101.14,0,0.9888499307510357,0.9793386709394535,0.9557115356384945,0.9092209961973589,0.8664519927495693
3,c778f637b5e5cc94,2026-08-01,1,163.92,0,0.983416152961588,0.9693421658658777,0.9346713633079553,0.8676780038528348,0.8075149840453539
3,d9d393d15a0bb7ae,2026-08-01,0,5.63,1,0.9515173067596424,0.9116170145814642,0.8180949527887617,0.6558627553010781,0.5297469829216863
1,01e4e1b0bfbdfd79,2026-08-01,0,9.11,1,0.7036107014890547,0.5196809894256268,0.24167126136249736,0.05061080254770149,0.011174384540770497
2,11a296bccba76cb2,2026-08-01,0,89.84,0,0.9759908352526827,0.955758638744769,0.9064856299461514,0.8136194999061233,0.7329413124698434
1,6cfa78e4e6af644b,2026-08-01,0,134.37,0,0.9883721524960023,0.978457800030802,0.9538473728308917,0.905499164721627,0.8611151087437253
2,9f28aa48c3cb7cbf,2026-08-01,0,112.41,0,0.956099748789553,0.9198085784231078,0.8341289522981339,0.6831595062759638,0.5633048344758782
3,cbffefa0793c0cf6,2026-08-01,0,100.36,0,0.9928227298449874,0.9866774556106721,0.9713187100087531,0.9406950062754321,0.9120243575107374
3,6145b7935a2a8fd9,2026-08-01,0,156.73,0,0.9726310797698143,0.9496416304596264,0.8939446984460928,0.7901518988387862,0.701331263557093
4,943bb4e6ed3b936a,2026-08-01,0,11.41,1,0.9926085413502306,0.9862811474010612,0.9704724111672262,0.938973933481647,0.9095121115182554
2,3d938bac070c4574,2026-08-01,0,109.78,0,0.988920927159197,0.9794695970153576,0.9559887783853941,0.9097751992259808,0.8672476344078245
3,86d2c6ecab138e80,2026-08-01,0,177.32,0,0.9584014329327184,0.9239358601382786,0.8422712045757456,0.6972445488262178,0.5808897082665623
2,58f4ca3b34ed7413,2026-08-01,0,0.71,1,0.9439664388628725,0.8981931371008589,0.7921816908101983,0.6129785201208902,0.4784454245242941
1,1e05d389da5d3ae6,2026-08-01,0,97.67,1,0.8240749870924181,0.6974806536736308,0.4576217747782314,0.19354087008928028,0.08427093945301332
1,5623efb38d8769bd,2026-08-01,0,145.08,0,0.9923082614100935,0.9857256702036826,0.9692868832549508,0.9365657656460554,0.9060008263126051
3,676a5d0e467210f9,2026-08-01,0,124.93,1,0.9780280080121095,0.9594765125787567,0.9141539576502322,0.8281464988794267,0.7527421299822153
4,49421909e3bca389,2026-08-01,0,77.62,0,0.9840081448622447,0.9704289467948504,0.9369465377694719,0.8721211708534478,0.8137516622700699
4,b96928c8ce213676,2026-08-01,0,94.09,0,0.990275575897384,0.9819692873705358,0.961290318606026,0.9204069304299156,0.8825585085560484
2,82e1c50a6c88d9cc,2026-08-01,1,66.18,1,0.8642970937374125,0.7621986840292818,0.5547784062634253,0.29002234820725403,0.15497786027797125
1,3a921f3dc5cfc474,2026-08-01,1,127.42,0,0.9742031763764898,0.9525016372338146,0.8997964861852392,0.8010574490048322,0.7159623995328123
1,59b71285046f2e07,2026-08-01,0,111.88,0,0.9756278240253252,0.9550968387733242,0.9051242802869764,0.8110546159890816,0.7294637475418645
3,f70967fa94af9404,2026-08-01,0,118.65,0,0.9397838999728788,0.8907971408298428,0.7780965143148749,0.5903054261707058,0.45203997397926454
2,3bf8b9b80f40ee27,2026-08-01,1,42.23,1,0.8391060929152929,0.7213548127472894,0.4922901596146285,0.22563179586607762,0.10617881455663628
2,d00e7b5be819521b,2026-08-01,1,122.88,1,0.993355316052855,0.9876632075093829,0.9734254650344923,0.9449865749956143,0.9182988864512315
2,5e0e1a8c14dfa278,2026-08-01,0,171.25,0,0.9883295525142672,0.9783792770524853,0.9536812920690824,0.9051679698501067,0.8606407323007227
1,96b6712ea6066b91,2026-08-01,0,83.48,0,0.9860120620915058,0.9741119290380478,0.9446790388883419,0.8873108169284688,0.8351941132406796
3,c4adadead364033e,2026-08-01,1,32.62,1,0.7043829308456871,0.5207434917559614,0.24274461615401896,0.051084192259389136,0.011332193368397964
3,445992b16b2f4c15,2026-08-01,0,135.22,0,0.9900018919418159,0.981464029298359,0.9602174528702382,0.9182501767202932,0.8794452659767665
1,0bd750c221845f6a,2026-08-01,1,93.74,1,0.9571101208191177,0.921619281049555,0.8376958349715186,0.6893112131802411,0.5709627567074052
1,0ce102af49a24332,2026-08-01,1,90.08,1,0.9261134574347314,0.8668212875853726,0.7333710756846187,0.5212719525009412,0.3748166336793155
2,8453ccc349f843a6,2026-08-01,0,173.96,0,0.9866309882555282,0.9752507534479584,0.947076961801426,0.8920491966703682,0.8419213119778604
4,abcb6dd914d434d9,2026-08-01,0,33.7,1,0.9742840970690912,0.9526489583997283,0.9000984738161606,0.8016223670929958,0.7167230692331027
1,4ce92515c1a39a22,2026-08-01,0,30.35,1,0.9149958803983245,0.8475462471476406,0.6984475808958207,0.4704865990979059,0.3211911019404123
4,e8ce249cde6d4259,2026-08-01,0,119.93,0,0.9931527855399509,0.9872882946188648,0.9726239089151953,0.943352557427786,0.9159081510242647
2,ee1f1b478eba7038,2026-08-01,1,42.68,1,0.978189475219253,0.9597714786808033,0.9147638333750938,0.829307640951569,0.7543324519813482
1,ecf89f7eab55c0c6,2026-08-01,1,167.6,0,0.9822495956816245,0.9672022457914232,0.9302001590080825,0.8589808723879846,0.7953539803657723
4,c65957c9f79c970c,2026-08-01,1,15.84,1,0.8114579343153147,0.6777282536320302,0.4299677215684804,0.1697855477665124,0.06918509729771509
4,d9c99fed8fa2c209,2026-08-01,0,154.53,1,0.8529818604520126,0.7437237211647907,0.5260144365439055,0.25933173382523717,0.13094856932972393
2,aee65690bae5c744,2026-08-01,0,167.19,0,0.9796462987291158,0.9624346816597942,0.9202802356934003,0.8398490534852932,0.7688216648970315
3,83d7eb220d24b40f,2026-08-01,0,118.95,0,0.9553757527589376,0.9185121083646727,0.8315800906976966,0.6787812527706086,0.5578757956737916
3,7993b9d06cc9138f,2026-08-01,0,113.51,0,0.9925994830149605,0.9862643885891864,0.970436632222041,0.938901208135856,0.9094060057971051
1,1b3943e2b3b0dc7a,2026-08-01,0,131.44,0,0.9492452609004158,0.9075680924617443,0.8102316040055846,0.6426889725621525,0.5138009986839898
3,e35cc64cee64b3fd,2026-08-01,0,107.11,0,0.9886999929210397,0.9790621938337248,0.9551262234779891,0.9080515493576998,0.8647738818879727
2,6e87c3f15e2662d7,2026-08-01,0,134.11,0,0.9924587001162924,0.9860039433152026,0.9698806903407677,0.9377715634162717,0.9077583972020873
1,2b0ee00dec636852,2026-08-01,0,161.04,0,0.9856295459048828,0.9734084070911659,0.943199331812251,0.8843934611008288,0.8310612996661851
2,c7c36392d8399090,2026-08-01,0,71.62,1,0.9883543228450936,0.9784249349365645,0.9537778593078949,0.9053605345448626,0.8609165355269491
2,f9b09850b08a1a09,2026-08-01,0,31.98,1,0.9921645093003737,0.9854597995584806,0.9687197249378486,0.9354148404778967,0.9043243059818611
2,41f19c90a3f4543f,2026-08-01,1,31.28,1,0.8898175380962848,0.8046363777446368,0.6239884297598586,0.3712743575404217,0.22482201279947037
4,782399c1491edbe1,2026-08-01,0,126.38,0,0.9726112701421894,0.9496056175740697,0.8938711446049422,0.7900153203333383,0.7011486712255692
1,fa021bc74bc3e61a,2026-08-01,0,108.65,0,0.9637314343840366,0.9335262210741256,0.8613557291567049,0.7308491126762852,0.6235711547626404
4,a149305d8d092873,2026-08-01,0,80.11,0,0.9376290036605179,0.8869976835499134,0.7709136460060524,0.5789153593439337,0.4389662407973287
2,d96f714a500b4e14,2026-08-01,0,150.41,0,0.9887786943800941,0.9792073104862976,0.9554334166429322,0.9086652193595586,0.8656543381940905
1,ce45fdb857219890,2026-08-01,0,172.72,0,0.9897648365402506,0.9810264898490881,0.9592889027783474,0.9163856771970805,0.8767568697181548
2,56f60c1065421093,2026-08-01,0,12.96,1,0.9944823680057733,0.9897507451507032,0.9778950881336184,0.9541253288461478,0.9317083737756955
1,209c11231d5a9627,2026-08-01,0,80.29,0,0.980752376911071,0.9644589723477391,0.9244851955237824,0.8479312756792277,0.7799933004617389
4,1880dc74296d0cfa,2026-08-01,0,166.64,0,0.9436201614071257,0.8975797388305373,0.7910083335020452,0.611072650126114,0.4762064721029211
2,fd58a020ca82dba9,2026-08-01,0,12.21,1,0.8494789889674976,0.7380469632221415,0.517341817205067,0.2504305463470845,0.12423755941823783
3,2ffd09370eec20b9,2026-08-01,0,12.11,1,0.9576460126207021,0.9225803296729422,0.8395923274829852,0.6925938115332113,0.5750632827211282
3,fb5afe9bcb1c1bb3,2026-08-01,0,165.3,0,0.9929788343053966,0.9869663386565399,0.9719358577273179,0.9419511079826737,0.9138593560282534
3,afa145b02ae2dc97,2026-08-01,0,83.02,0,0.9821735073437927,0.9670627462261389,0.9299090862961817,0.8584162858722028,0.7945666776220002
1,1fafcbbe6fd94d1e,2026-08-01,0,121.86,0,0.9667610008633325,0.9389978006562659,0.8723473469999415,0.750579909257802,0.6491013669857638
3,98c29edc6d96f11c,2026-08-01,1,171.91,0,0.9752059650457068,0.9543280210190527,0.9035441755694086,0.808082902078067,0.7254415449916136
1,1eed41da3608734c,2026-08-01,0,78.72,1,0.9737804227565383,0.9517321594060718,0.8982200528961221,0.798111856181195,0.7120005210939202
3,341dce90be393c28,2026-08-01,0,100.63,0,0.9909306962002135,0.9831792181372397,0.9638621128777537,0.9255877372120456,0.8900520204717443
2,53f40bfdbdfcaddb,2026-08-01,0,81.06,0,0.98857703259418,0.9788354887291353,0.9546464247087556,0.9070935052615773,0.8633999408219485
3,4df14413b551fab7,2026-08-01,0,92.33,0,0.9949205814507112,0.990562959645465,0.9796371024743437,0.9576995981768193,0.9369707247704203
2,b106d220b5d0c3d0,2026-08-01,0,52.02,1,0.9318348898277071,0.8768189495748611,0.7518476088704835,0.5492452718594345,0.40552202380206065
4,3b99b630eb7b4423,2026-08-01,0,30.54,1,0.986785386417416,0.975534942129886,0.9476758640290801,0.8932347124505351,0.8436072540783972
2,3c94e710463e9273,2026-08-01,0,103.65,0,0.9767648826013023,0.9571705007635296,0.9093935750007307,0.8191125000603238,0.7404076016352824
1,0c79a818826e19a5,2026-08-01,0,130.4,0,0.9775624508184657,0.9586262739991016,0.9123972203131846,0.8248066117026291,0.7481740518521934
2,acd9ea1593ffa8a2,2026-08-01,0,82.85,0,0.9807311928372028,0.9644201837886512,0.9244045248293609,0.8477758394106747,0.7797779385007888
2,dffa05a13d6658a7,2026-08-01,0,93.08,0,0.9759915870670882,0.9557600095858128,0.9064884509671317,0.8136248193253378,0.7329485305111043
1,a8049313b3b93147,2026-08-01,0,59.43,1,0.7855964989936531,0.6380639000538223,0.37723109910999236,0.1289770342650837,0.04572776130184624
2,ccc9d461554c2fed,2026-08-01,1,72.74,1,0.948865212872451,0.9068916386677606,0.8089218645711885,0.6405083187106874,0.5111772996857857
1,6cb222185e2c92ba,2026-08-01,0,116.41,0,0.9743024756572964,0.9526824192351807,0.9001670714271842,0.8017507194189157,0.7168959351893708
3,34def2d93a7da9cc,2026-08-01,0,81.39,0,0.9909867538461735,0.9832827821030027,0.9640824176008231,0.9260322434483937,0.890695945072182
4,93c249c09a7896cf,2026-08-01,0,129.15,0,0.975693486660204,0.9552165315529032,0.9053704115339793,0.811518031291374,0.730091651700964
1,5f071dbaa9a42889,2026-08-01,0,17.14,1,0.9340071524458691,0.8806286706392645,0.7589535521717942,0.5602077603467869,0.41777510943902063
4,7d023a47b0890f8a,2026-08-01,0,119.2,0,0.9938903151256234,0.9886538840943088,0.9755452246106252,0.9493149667298524,0.9246418824249263
1,42cc294cf5d9ad38,2026-08-01,0,161.81,0,0.9464172240721191,0.9025400193457934,0.8005236292070351,0.6266179130972983,0.49457115123808204
3,f99cb33f5b71541c,2026-08-01,0,122.35,0,0.9884776816018929,0.9786523305120501,0.9542588835075577,0.9063200644773223,0.8622912771055391
3,4abb94a7b612d072,2026-08-01,0,77.21,1,0.91153582047558,0.8415883472736276,0.6878384144507815,0.45559823467137883,0.30600457822052557
4,cabeaa95431ee8cc,2026-08-01,1,5.85,1,0.7486154164753959,0.5832744875764974,0.31046098865304894,0.08566015075041114,0.02468669289061209
4,5f1ec9a55e63103c,2026-08-01,0,38.07,1,0.8659377384307942,0.7648948624436042,0.5590452221178265,0.29472830210160356,0.1587812246880971
4,b82b86219e0533f6,2026-08-01,0,34.61,1,0.9845542723862937,0.9714320296361453,0.9390491370806154,0.8762378917710865,0.8195444990386818
4,953c10dcb7a67a8c,2026-08-01,0,106.53,0,0.9861244789236068,0.974318730276648,0.9451142386367163,0.8881698046955097,0.8364122936123336
3,263f4e0fa404d1ac,2026-08-01,0,30.17,1,0.8071585771148659,0.6710575163402256,0.42083806732086465,0.16230016655056234,0.06464231366055609
1,0dac8af5d3cd1c75,2026-08-01,0,6.16,1,0.8106366536474271,0.6764516222731862,0.4282123330507883,0.16833257341217703,0.06829521373112632
4,f7ee6a52f11f432e,2026-08-01,0,105.02,0,0.9791433085094294,0.961514784652338,0.9183727935878981,0.8361961893256693,0.7637903013935858
4,1482e137d927715a,2026-08-01,0,11.12,1,0.974642298489394,0.9533012130972999,0.9014361604486367,0.8041272420840994,0.7200991855578519
3,5b80f3953b40ff93,2026-08-01,0,162.79,0,0.9718752726283023,0.9482680600274448,0.8911415862345119,0.784955685097518,0.6943956989033107
4,cfceeff7e74b74b0,2026-08-01,0,107.55,0,0.9946346014049985,0.9900328698864399,0.9784999917093509,0.9553656778227444,0.9335333949223994
2,b33a3f9f6ecbf7ae,2026-08-01,0,164.28,0,0.9908058101014171,0.9829485148745369,0.9633714507796574,0.9245981359909252,0.8886190177543687
1,5a53ae168aed8e22,2026-08-01,1,56.49,1,0.6652823373266609,0.4682109913292516,0.19272874505650314,0.03146110722214337,0.005460375849248379
2,ea7bb723d54d7194,2026-08-01,0,168.32,0,0.9886876276647057,0.9790393945946919,0.9550779652816316,0.9079551652401294,0.864635623197936
3,4810f9a151eae8da,2026-08-01,0,128.63,0,0.9846088980989938,0.9715323881168447,0.9392596420626476,0.8766506031162755,0.820126006461091
3,4da31aef782691f4,2026-08-01,0,66.92,1,0.9392832995661908,0.8899138247966684,0.7764234023692863,0.5876419381094062,0.44897122974922926
4,66400e25ea9143f0,2026-08-01,0,92.16,0,0.9906304640920132,0.9826246388458288,0.9626828551402453,0.9232102642057053,0.8866106029549686
3,4717c439b62876f7,2026-08-01,0,94.84,0,0.9834319692872775,0.9693711942055493,0.9347320953376849,0.8677964523929119,0.8076810357324103
4,6043f4b7a6b2e797,2026-08-01,0,96.11,0,0.9890931894892762,0.9797873035387785,0.9566617186456596,0.9111211301954877,0.8691809420197455
4,d839501a6c426ab1,2026-08-01,0,28.87,1,0.9120413319934114,0.8424575771306881,0.6893807887946523,0.4577471429105716,0.3081812260314071
4,7553e4106a7f18ab,2026-08-01,1,167.18,0,0.9827397042012549,0.9681010288769684,0.9320766917623807,0.8626254061133547,0.8004424991973385
1,e56d5a354874645a,2026-08-01,0,6.9,1,0.9920030602503342,0.9851612378696131,0.968083043028851,0.9341237156923596,0.9024448033756296
1,80ba2ff93f15065f,2026-08-01,0,52.31,1,0.976055706854325,0.9558769274759152,0.9067290709116138,0.8140786080671807,0.7335643747528824
3,ff09b03a5e8b51da,2026-08-01,1,81.16,1,0.8073132045385731,0.6712969014174158,0.4211638658430226,0.16256424612978299,0.06480080959004367
1,1dd5e3ccfcfd4f13,2026-08-01,0,88.78,1,0.814874125607015,0.6830504722819968,0.43732759170583024,0.17594875500373844,0.0730025563469368
4,1a104ce41b51d391,2026-08-01,0,101.86,0,0.9794151376002507,0.9620118705219208,0.9194032554462983,0.8381685483920196,0.7665056002888229
3,24e1cd51cffecbeb,2026-08-01,0,112.79,0,0.9917802212927558,0.9847492189180708,0.9672047844318251,0.932344232001382,0.8998565470273232
4,71d1654f082f3379,2026-08-01,0,7.81,1,0.9842723209666466,0.9709141041811561,0.937963176964063,0.874110400454188,0.8165490787941811
2,6fb99d25be8be518,2026-08-01,0,87.06,0,0.9675877409459421,0.9404935137505415,0.8753651005754648,0.7560452124262255,0.6562337594443372
4,83b5f88f5dbc975d,2026-08-01,0,61.48,1,0.9848145368699335,0.9719102311648177,0.9400524075818986,0.8782057953637198,0.8223185066150343
2,66cbb6b1cfe5634d,2026-08-01,0,129.42,0,0.9860103134613172,0.9741087124303778,0.9446722706003022,0.8872974612686158,0.8351751775166859
2,271863777db80338,2026-08-01,0,139.15,0,0.9876523240060163,0.9771313585200044,0.9510439629209001,0.8999171699194322,0.8531316659726365
3,560063648e706b19,2026-08-01,1,5.48,1,0.9419504073835911,0.8946246483480605,0.7853687366704226,0.6019557056495011,0.46554515330242785
1,5519558981ddc7e8,2026-08-01,0,118.18,0,0.9836763276199221,0.9698197260330874,0.9356707676063677,0.8696282666445313,0.8102504962184089
2,13c0fddbd7227b7c,2026-08-01,0,157.94,0,0.9921490234225853,0.9854311602880681,0.9686586419939719,0.9352909300856354,0.9041438714374913
2,ce4b26eb1f4d3720,2026-08-01,0,149.05,0,0.9669967595241904,0.9394242157512724,0.8732071103659764,0.7521348674033651,0.6511279690540447
2,39a6e9ba2c5d42bc,2026-08-01,0,149.67,0,0.9757842522694781,0.9553819945865841,0.90571072223668,0.8121589959183743,0.7309604253806254
3,0409946a8d1aee83,2026-08-01,0,121.02,0,0.9933987709851346,0.9877436573781809,0.9735975116043024,0.9453374948455252,0.9188125913956912
1,7b0877b6b9127f2f,2026-08-01,0,2.23,1,0.7846266196816957,0.6365979303586108,0.37535312080682276,0.12763179136871747,0.04501124731747346
1,08b5a3e0f832b4cd,2026-08-01,0,133.37,0,0.9671582930066825,0.9397164320080326,0.8737965577589966,0.7532019095726978,0.652519890369646
1,66b5dbb0680abeb6,2026-08-01,1,165.61,0,0.9747022084139667,0.9534103242107387,0.9016600372276882,0.804546860894393,0.7206652767841534
3,77ad16d00dd7763f,2026-08-01,0,128.38,0,0.9809572510229512,0.9648341391394959,0.9252656463598166,0.8494358191490837,0.7820789267825822
2,dc96c4b19288c67e,2026-08-01,0,18.31,1,0.8581148145701479,0.7520785513889048,0.5389199626008436,0.27287928765762154,0.1413878430773002
2,0002a4b30678c86c,2026-08-01,0,81.53,1,0.9172385480274445,0.8514183017780809,0.705389462950414,0.480364339799171,0.33140225003496304
2,59f26f5c303aa592,2026-08-01,0,28.28,1,0.9679416751767037,0.941134177711661,0.8766594242014966,0.7583956649540918,0.6593092212007939
3,a55d9ee9673125c5,2026-08-01,0,84.8,1,0.9727666860489009,0.9498881726875134,0.8944483316152384,0.791087402841635,0.7025823719825389
1,7c36de9331f66a97,2026-08-01,0,84.74,1,0.9622951110202111,0.9309373079944266,0.8561811530942154,0.7216556626537873,0.6117935936268379
3,578a287788101b59,2026-08-01,0,160.87,0,0.9750687202075407,0.9540779606760889,0.9030305624148969,0.8071181771643242,0.7241374018061081
1,087d3f28916bddfa,2026-08-01,0,10.18,1,0.9701446272308414,0.9451263287380437,0.8847479403233373,0.7731707913914682,0.6787521128930284
3,b96c62b5ab7c881a,2026-08-01,1,99.96,0,0.9752407034948779,0.9543913193472459,0.9036742125758068,0.808327247735614,0.7257719837195727
2,65a05e5ccb7aed3d,2026-08-01,0,110.66,1,0.974222073010275,0.9525360387897915,0.8998669996383417,0.8011893374714723,0.7161399648090847
3,60251b089a43d7d4,2026-08-01,0,143.57,0,0.9853226145760609,0.9728440706103145,0.9420132752562064,0.8820586944606199,0.8277587669332686
2,579777e5714082c0,2026-08-01,0,77.82,0,0.9872914866837984,0.9764667502504296,0.9496409981946251,0.8971304542230816,0.849155431247
4,acd8b5b07fe57dc6,2026-08-01,0,164.11,0,0.9939417226767628,0.9887491014760015,0.9757490930456467,0.9497317973323153,0.9252534967748781
3,d1df9fcc70f265b6,2026-08-01,0,85.65,1,0.988929555693568,0.9794855096421966,0.9560224771516005,0.9098425744867392,0.8673443784438991
4,14cf9a9abcda47b9,2026-08-01,0,134.59,0,0.9710436206932013,0.9467577162646342,0.8880648317562789,0.7792728902860246,0.6868372473203312
3,261a136ed370afae,2026-08-01,0,111.31,0,0.9670235581462784,0.939472691910468,0.8733048797735412,0.7523117988138285,0.651358701143641
4,adcadfc87646985f,2026-08-01,1,12.99,1,0.7710283077419346,0.6162086319275247,0.3497563114816849,0.1100312767370403,0.035995821242729424
4,7172a09032966e8b,2026-08-01,0,48.32,1,0.7250262230385596,0.5495182539924414,0.27279148238137235,0.06527705340738534,0.016394341172475475
1,59a22eef272fc5c4,2026-08-01,0,144.94,0,0.9940307768615946,0.9889140582301338,0.976102333709828,0.9504542622791808,0.9263138894516874
1,9fc795ef7f140cc0,2026-08-01,0,96.71,1,0.9672847115567288,0.9399451542241402,0.8742580770295956,0.7540379242440551,0.65361114173011
2,a65ded60242d1fb7,2026-08-01,0,1.38,1,0.9546210926085736,0.9171616287718684,0.828929517544413,0.6742439291588002,0.5522681871111027
2,9ef2f1fb9453dd9e,2026-08-01,0,24.34,1,0.96936838088748,0.9437187361590054,0.8818914391773558,0.7679358163056594,0.6718415868572707
4,2c3a2191840cfd85,2026-08-01,0,104.73,0,0.9862393095349118,0.9745299928683424,0.9455589385984599,0.8890479936866719,0.8376583211314155
1,7f6073aef2d80793,2026-08-01,0,101.22,0,0.9836017263037842,0.969682781434769,0.9353841207076726,0.869068661977695,0.8094652555240228
4,6ac08a1f2df62054,2026-08-01,1,75.23,0,0.8688927822176867,0.7697621946676397,0.5667926270620717,0.30337458906936143,0.16584946825378866
1,95138601a9a8ee46,2026-08-01,0,119.26,1,0.9657691071168574,0.9372047509424438,0.8687370900474187,0.7440688442445625,0.6406384887285186
1,9ba545dae87c2943,2026-08-01,0,11.2,1,0.9893834036945666,0.9803226587040873,0.9577962421990366,0.9133926230921556,0.8724470152305278
2,65947883d0d6fecb,2026-08-01,0,95.46,0,0.9139417943915293,0.8457291487707446,0.6952026147847967,0.46590614559104326,0.31649261587574157
4,eefb3b54f80771c5,2026-08-01,0,103.07,0,0.9871153602028087,0.9761424276957198,0.9489567700435795,0.8957730113940645,0.8472208218588377
2,608a2bbc2ca83e21,2026-08-01,0,81.57,0,0.9959818663036771,0.992531294846902,0.9838656659411608,0.9664049120408724,0.9498290499013792
2,e6e93c9f7312a5f0,2026-08-01,0,92.26,0,0.984588678618853,0.9714952402835515,0.9391817203812072,0.876497819744544,0.8199107195890093
4,39d1cc4131b01576,2026-08-01,1,31.75,1,0.9434215765685124,0.8972280518074881,0.7903360213046057,0.6099820230093551,0.4749268286080342
4,e7c81055f4c33b7b,2026-08-01,0,89.06,0,0.986845829852859,0.9756462060981492,0.9479103984909496,0.8936991938509282,0.8442681099779688
4,9f4eaea6fa546273,2026-08-01,0,127.83,0,0.990929964555918,0.9831778664908767,0.9638592377899563,0.9255819369206286,0.8900436190363097
4,6592941866fb9a8b,2026-08-01,0,104.15,1,0.9860775694412237,0.974232433441626,0.9449326194252768,0.8878112757056248,0.8359037702993624
4,c48dc3ed01f8eee1,2026-08-01,0,169.46,0,0.9889066533165369,0.9794432736497696,0.9559330338134904,0.9096637526635292,0.8670876164178595
1,87f8e3e389b913be,2026-08-01,0,92.63,0,0.9944425259500392,0.989676914480825,0.9777368211047651,0.9538009431822968,0.9312312781700148
2,f312c0ca275c1a98,2026-08-01,0,129.0,0,0.9845955231982936,0.9715078152758686,0.9392080974256599,0.8765495364423518,0.8199835914010198
4,c763ede5038c3df1,2026-08-01,0,125.75,1,0.9708192375147257,0.9463504101078838,0.8872360815151166,0.7777458792901727,0.6848109766588413
3,b161e909a16233c8,2026-08-01,0,89.64,0,0.989386970394848,0.9803292390016031,0.9578101916618629,0.9134205705345191,0.8724872251835244
2,8bc9ec6a950c82ee,2026-08-01,0,20.6,1,0.9770053490982342,0.9576093079601299,0.9102983881683518,0.8208256094841561,0.7427413217919996
3,5b4c638a58a798b8,2026-08-01,0,83.92,0,0.9953939362227634,0.991440653969795,0.9815214352697139,0.9615737623067302,0.9426858468329731
4,4480aaf216343083,2026-08-01,0,81.19,0,0.9856300623139086,0.9734093567095652,0.9432013282874571,0.884397393912938,0.831066866365894
3,75e80b55e66c2732,2026-08-01,0,143.53,0,0.9931952256531258,0.9873668518692394,0.9727918332353224,0.9436947579686823,0.9164086521184364
4,612a2493a68c2786,2026-08-01,0,112.73,0,0.991533599823221,0.9842933202164248,0.9662334926789798,0.9303783195671773,0.8970000368301166
1,c2ef48d9542b8ed8,2026-08-01,0,136.72,0,0.9742996705527814,0.952677312108008,0.9001566011918525,0.8017311279665954,0.7168695483559251
4,2dbe1d7dd28e8ab0,2026-08-01,0,90.64,1,0.9812592734607046,0.965387327752678,0.9264170796532656,0.8516580902523762,0.7851629030086221
1,a5fd38156c71ca40,2026-08-01,0,0.15,1,0.7893809257816069,0.6437989750576742,0.38462658652643655,0.13434652170436345,0.048625300450274835
2,91c114c18ceb8323,2026-08-01,0,103.87,0,0.9792466676375485,0.9617037804381908,0.9187645095322922,0.836945667703721,0.7648217085626303
2,8d0cd61e28b8209b,2026-08-01,0,149.31,0,0.99562198896648,0.9918636377694512,0.9824302415443503,0.9634451861348116,0.945450731049039
1,0396a3f7c70b1d42,2026-08-01,0,66.37,1,0.9883022649283988,0.9783289803827278,0.9535749198176343,0.9049558778269825,0.860336995186057
3,089ea1250504b855,2026-08-01,0,95.89,0,0.9702079804707068,0.9452412520809822,0.8849813801731208,0.7735994293968107,0.6793189965549981
4,5350abe23e5b6d5c,2026-08-01,0,131.89,0,0.9944757870139205,0.9897385498452175,0.9778689447291333,0.9540717410810957,0.9316295530163211
4,11b7334c529b0456,2026-08-01,1,122.12,0,0.9685175623753829,0.9421770351545693,0.8787684983651242,0.7622338710484751,0.664341720727173
1,111bae525cc1efa3,2026-08-01,0,154.52,0,0.9874695201521219,0.9767946350549518,0.9503330119576759,0.8985044385381684,0.8511151251284126
1,d760caf6147f307f,2026-08-01,0,84.82,0,0.9898082172631331,0.9811065520494207,0.9594587752859426,0.9167266274618306,0.8772482745097012
3,649b0a70e63eaee9,2026-08-01,0,93.71,0,0.9923234820083552,0.9857538227624011,0.9693469490953183,0.9366876997095279,0.9061785053715772
2,6593eaa101bd7dea,2026-08-01,0,14.49,1,0.9463788733043079,0.9024719229493695,0.8003925847022423,0.6264024340415679,0.4943149980296227
4,0bb4750ad23b07ad,2026-08-01,1,8.46,1,0.8717476421731407,0.7744780826197383,0.5743538343705331,0.31193947607178557,0.17295246567239175
3,a30fd7b395ee1986,2026-08-01,0,127.26,0,0.9830731255936023,0.9687126929297208,0.9333549262934987,0.865112576819368,0.8039213577652957
1,2c4c36c985630e8e,2026-08-01,0,174.8,0,0.9807957955026415,0.9645384751113394,0.924650553644335,0.8482499343273644,0.7804348747823691
1,90cdd3a724faeca3,2026-08-01,1,53.42,1,0.8570128474795705,0.7502812545880281,0.5361294777085268,0.2699193443977753,0.13908409405295805
1,604b0e95fee2edd4,2026-08-01,0,48.67,1,0.9064494956940349,0.8328655069149941,0.6724635371958005,0.43446667158737173,0.28487870424492656
1,9a603b2ecdff6bf1,2026-08-01,0,143.54,0,0.9835812772953101,0.9696452450377053,0.9353055593062667,0.868915323914299,0.809250135286299
2,79d0896c075969e5,2026-08-01,0,89.72,0,0.9229958019195461,0.8613958264291105,0.7234480330456088,0.5065645134970799,0.3590015867093036
4,db6f01791783b71f,2026-08-01,0,91.54,0,0.9623256949512782,0.930992399574722,0.8562910920609619,0.7218503525610773,0.6120422242208322
4,8a450b3451834d47,2026-08-01,0,4.27,1,0.9838548490296949,0.9701474716467193,0.9363569837481043,0.8709686947785849,0.8121324334913281
4,4379b979bf41d2af,2026-08-01,0,161.55,0,0.9917828681826307,0.9847541124270935,0.9672152129021068,0.9323653512163269,0.8998872502402201
1,b764a026727da601,2026-08-01,0,123.85,0,0.9854508761258556,0.9730798791085152,0.9425087721828133,0.8830336928153911,0.8291373668265347
1,d284fec797ae50fa,2026-08-01,1,22.82,1,0.9190173852970667,0.8544953445664305,0.7109324374099458,0.48832879904732834,0.33971340915198023
4,c5b567928596e916,2026-08-01,0,95.49,0,0.9769468720174156,0.957502589458788,0.910078291744484,0.8204087218228452,0.7421731803667758
4,a76d72bb319bff8e,2026-08-01,1,32.92,1,0.9534863554905625,0.9151327253678202,0.8249559822957054,0.6674717877525785,0.5439340986603042
3,ec519ea42d0d027b,2026-08-01,0,115.45,0,0.9749049503618723,0.953779611420052,0.902417971897085,0.80596833165881,0.722584037833565
1,c1c9bd4ccfe723db,2026-08-01,0,30.24,1,0.704037086669177,0.5202675241442011,0.24226346990535483,0.050871703131337945,0.01126126615786239
3,f39e8825a4df2f1a,2026-08-01,0,164.88,0,0.9803136377878622,0.9636557776589741,0.9228155217799927,0.8447171924363001,0.7755441537264322
4,21114003b1a79644,2026-08-01,0,1.8,1,0.9701237804156373,0.9450885138435874,0.8846711354832282,0.7730297909576784,0.6785656713342652
1,61a98c149c7180bb,2026-08-01,0,16.84,1,0.9333383835824032,0.8794549670401743,0.7567605031939784,0.5568123852646545,0.41396690491121285
2,54485081eef1b62d,2026-08-01,0,151.34,0,0.988585035935067,0.9788502439542676,0.9546776487185036,0.907155836066072,0.8634893077469485
3,5d07219f0cb653e3,2026-08-01,1,75.23,1,0.9348253021635735,0.8820655262987088,0.7616429556444645,0.5643863812876532,0.4224778524489325
3,5ecbb3903c2ce8fd,2026-08-01,0,72.8,1,0.9819085308958582,0.9665770138742011,0.9288959650244709,0.8564526764106748,0.7918305116475751
4,494c5352e5c936d6,2026-08-01,0,128.68,0,0.9806226737295128,0.9642214939651814,0.9239913582123191,0.8469799841804257,0.7786755686652852
3,1b959349f9c1c96c,2026-08-01,0,115.88,0,0.9572236969046879,0.9218229254954213,0.8380975052133651,0.6900057735293245,0.5718295583741583
2,4dd68eb21224875b,2026-08-01,0,44.34,1,0.860972830724978,0.7567492211509128,0.5462081836889056,0.28068993240550666,0.14752766546688867
4,b3c3ca453d650c27,2026-08-01,1,18.79,1,0.8653555990223785,0.7639376903179805,0.5575284391224417,0.29305086562552163,0.15742196257732285
1,761c678164ef8535,2026-08-01,0,45.61,1,0.9241854670304658,0.8634642656042582,0.727222564757432,0.5121329449714186,0.3649624025404448
2,a993c3f829a18225,2026-08-01,0,17.58,1,0.9682679094474413,0.941724880249874,0.8778537251044769,0.760567870836404,0.6621557493822738
2,3abc03bd4ebaa505,2026-08-01,0,141.41,0,0.9850898789550802,0.9724162543869734,0.9411146771780204,0.8802919465083017,0.8252626372815011
4,67a8eda8eff4dd93,2026-08-01,0,152.96,0,0.9833807983984987,0.969277279667198,0.9345356184703417,0.8674132849297383,0.8071439190247678
2,ad294aaf9163f411,2026-08-01,0,147.66,0,0.994037447348695,0.9889264146126332,0.9761287966124577,0.9505083970825784,0.9263933618556087
2,f968178da99482d6,2026-08-01,0,45.87,1,0.9787118518286523,0.9607260367163393,0.9167389930478907,0.8330739981718834,0.759498683160452
3,0ffc63cf079ceb01,2026-08-01,0,41.24,1,0.9729821093649776,0.9502798890975236,0.8952488391817576,0.7925755479474185,0.7045741059356708
3,33d7cca947f341af,2026-08-01,0,49.73,1,0.9687876396621227,0.9426662944512085,0.879758917672732,0.7640397928506454,0.6667140178746416
2,7fcfda8d270bb332,2026-08-01,0,119.21,0,0.9926480249658234,0.9863541975159681,0.9706283765944537,0.9392909879152778,0.9099747401104817
1,5f724d04db4b5481,2026-08-01,0,105.3,0,0.9814073632014202,0.9656586246697924,0.9269820522139807,0.8527496023991432,0.786679151868472
4,c1068f6b0e4efbed,2026-08-01,0,128.78,0,0.9863795053204997,0.9747879504432183,0.9461020827051455,0.8901212061321693,0.8391819059512375
1,f830d5d66f5877db,2026-08-01,0,137.18,0,0.9809950578887758,0.9649033786978829,0.925409722629016,0.8497137204252676,0.7824643635049197
3,4099253c0972db5c,2026-08-01,0,7.43,1,0.9806991176909573,0.9643614547833601,0.9242823901181202,0.8475405387042579,0.7794519598224134
4,1d9f58f4c64318f2,2026-08-01,0,132.99,1,0.954874938022105,0.9176157875993374,0.82982038154918,0.6757671554492777,0.5541485955191685
2,3de1af3021d97647,2026-08-01,0,94.99,0,0.9495478036775445,0.9081067602936184,0.8112753814322502,0.6444295933231947,0.5158985004783689
4,60c784bd050c0363,2026-08-01,0,154.83,0,0.9673163610507962,0.9400024199678539,0.8743736493096494,0.754247352632051,0.653884604942048
4,3d25f4e81b8d1b11,2026-08-01,0,133.12,0,0.9568142364909136,0.9210888516871478,0.836650098361362,0.6875046650907475,0.5687102806185983
1,df31ef4cac9779d2,2026-08-01,0,177.32,0,0.9375593252683466,0.8868749539035333,0.7706822244843023,0.578550321364952,0.4385493797289866
2,706d6360b7f44331,2026-08-01,1,63.77,1,0.8912458001040956,0.807042849217653,0.6280446626452879,0.37636285461812935,0.22947938292506398
4,c4b43f9e754cecfe,2026-08-01,0,86.47,0,0.9714089555107185,0.9474210550800642,0.889415427345904,0.7817647889341932,0.690148195935662
2,e7240bca7e27b98e,2026-08-01,1,149.04,0,0.9716046510416982,0.9477764681233265,0.890139523810627,0.783102490343652,0.691927786242612
3,bbe94781cdf34a80,2026-08-01,0,40.81,1,0.8224709675638487,0.6949549383955873,0.45403384047833445,0.19036670558039434,0.08219779557967068
1,13858b53c464fb38,2026-08-01,0,148.21,0,0.9839713005188608,0.970361291361312,0.9368048141608845,0.8718440528169995,0.8133622124679787
4,9b0c3fe2788bce95,2026-08-01,0,65.11,1,0.9695633783032619,0.9440722399316397,0.8826083545639324,0.7692479217034056,0.6735714231352863
2,e4a7110c5d85898a,2026-08-01,0,91.12,0,0.9834135430990116,0.969337375918638,0.9346613421601478,0.8676584599502719,0.8074875867693256
2,2e79b3b9f5e6262d,2026-08-01,0,27.87,1,0.9297863432835636,0.8732332087859784,0.7451923462416796,0.5390809625828646,0.3942711305400787
2,e64d1b068d9c84dc,2026-08-01,0,76.73,0,0.9827865099246519,0.9681868835373946,0.9322560509084338,0.8629741742935351,0.8009300229327999
3,e4e059354164c6a5,2026-08-01,0,129.45,0,0.9908974004031345,0.9831177080483823,0.9637312794127234,0.9253238090035777,0.8896697604958903
2,eed0471c3c376379,2026-08-01,0,165.69,0,0.96389453756614,0.9338204182003016,0.8619448178067484,0.7318995884126647,0.6249216990855403
2,6fc21445e1378a34,2026-08-01,0,133.4,0,0.9843177499514674,0.9709975454746556,0.9381380867051047,0.8744528809185049,0.8170310282003318
4,73dce9ec21c62f08,2026-08-01,0,106.12,0,0.9920151026111836,0.985183505911627,0.9681305217739565,0.9342199654120603,0.9025848696645609
3,06f1602df4ad7121,2026-08-01,1,44.34,1,0.686201430085423,0.49599468351335263,0.21840704691331747,0.04091597836748729,0.008111813388914195
2,b7bb0cf86bf0f2a5,2026-08-01,0,22.47,1,0.9399960281135862,0.8911715661116418,0.7788063089880118,0.5914372811625216,0.45334616924574467
2,4745ca2950e2a27e,2026-08-01,1,77.22,1,0.9326434387407997,0.8782360918415683,0.7544866726191175,0.553303360152146,0.41004356731041763
4,ab42e5ee286d6960,2026-08-01,0,135.47,0,0.959068091848522,0.9251328819240051,0.8446406533539991,0.7013716893636159,0.5860766815496046
2,0c49c3f98fa31b28,2026-08-01,0,86.21,1,0.9818708919166913,0.9665080264531303,0.9287521220830427,0.856174074196424,0.7914425540776256
4,329f180b5a0e9620,2026-08-01,0,117.5,0,0.9834038400922966,0.969319567839449,0.9346240860169063,0.8675858025885664,0.8073857360647347
1,08ccb9eaf13ad173,2026-08-01,0,106.23,0,0.9819273532465231,0.9666115136837162,0.928967903716559,0.856592028690374,0.7920245856656208
2,4b778cf05edd93c8,2026-08-01,0,5.47,1,0.8561390935473675,0.7488575861951117,0.5339246309885398,0.26759256403899395,0.1372820917879745
4,58df3dc88789b9f4,2026-08-01,0,92.39,0,0.975231050685362,0.9543737303790251,0.9036380776428832,0.8082593446114718,0.7256801504445755
1,a6e88b2afed41bdf,2026-08-01,1,131.61,0,0.9697525582359496,0.9444152559723726,0.8833043007809047,0.7705227719287434,0.675253574866626
1,5aaddb57248e4ab3,2026-08-01,0,21.66,1,0.9841793747672731,0.9707433964001105,0.9376053938861214,0.8734100654484448,0.8155638427114718
3,c46ba2edd5e0bc8a,2026-08-01,0,112.28,0,0.9605939623368354,0.9278753642587266,0.850082800900286,0.7108992369755439,0.5981098903362704
4,e67e2aad8d357349,2026-08-01,0,145.2,0,0.9874066202131051,0.9766787862156071,0.9500884773831884,0.8980187924423509,0.8504222816666194
1,38e3a4c082ebdb91,2026-08-01,0,176.84,0,0.988518344115233,0.9787272918456644,0.9544174826000212,0.9066365490481804,0.8627448738173313
1,e9268950f9edd1d2,2026-08-01,0,145.79,0,0.9977425786409043,0.9958008279830125,0.9909112917655176,0.9810014056381128,0.9715208038463501
3,10cbfe59da7766be,2026-08-01,0,162.73,0,0.98207932510587,0.9668900863941418,0.9295488910630931,0.8577178934021534,0.7935931482617465
3,94510d88d6e7c1ae,2026-08-01,0,124.83,0,0.965621856414186,0.9369387005966223,0.868202092537697,0.7431065098374854,0.639390845968195
2,6ef0f0e15192f7a6,2026-08-01,0,101.98,1,0.9760623762877589,0.9558890890954973,0.9067541018060284,0.8141258218179211,0.7336284593028675
4,f5f78cecfbdaf4c9,2026-08-01,0,5.79,1,0.759044741909731,0.5984954611961253,0.32830820903734226,0.09633332452339369,0.029463199284123786
1,5db6d072a507fe88,2026-08-01,0,98.98,0,0.9849688167949013,0.9721937515322735,0.9406475082363482,0.8793741715587716,0.8239669697631081
4,eb45c3e8b99492cf,2026-08-01,0,53.51,1,0.9684257169000426,0.9420106790090768,0.878431876652188,0.7616205878834846,0.6635367456720069
3,f50a475522b1a695,2026-08-01,0,87.26,1,0.7749612980751551,0.6220741672913419,0.35702011335574163,0.11488696908692499,0.038415089671065196
4,6375e50285534cd3,2026-08-01,0,153.39,0,0.9871280199831847,0.9761657379854276,0.9490059392429421,0.8958705224367408,0.8473597438456203
1,0f21d544651ea212,2026-08-01,0,151.2,0,0.9948428422349149,0.9904188500103915,0.9793278982875537,0.9570646610507546,0.9360351874682031
3,ea7dbba03c36ff30,2026-08-01,0,158.81,0,0.980202499970312,0.9634523681047952,0.9223929340801277,0.8439047351324128,0.7744208516951422
3,be8dca1d779bff9a,2026-08-01,0,26.73,1,0.9560239646100149,0.919672830939577,0.8338618754756009,0.6827000488153848,0.5627342771468122
3,92c5baa111e9f633,2026-08-01,0,128.69,0,0.9870829726072087,0.9760827940081536,0.9488309888974054,0.8955235908974192,0.8468655124204881
1,e58081104654e5b2,2026-08-01,0,11.49,1,0.8396199515645517,0.7221775556697441,0.4935092394964602,0.22680723367069852,0.10701310190382446
2,3068a9a70c63364a,2026-08-01,0,47.03,1,0.9468065463265495,0.9032314424225117,0.8018548566834135,0.6288090777870385,0.4971784548565454
3,fe87abc960767736,2026-08-01,0,107.59,1,0.9854823702966071,0.9731377850985862,0.9426304696882518,0.8832732455582425,0.829476200648202
1,c6d5f0bab0a66049,2026-08-01,0,144.39,0,0.988241531901397,0.9782170411380623,0.9533382028596971,0.9044839893812526,0.859661332754007
1,99243ebbbb0529d0,2026-08-01,0,145.79,0,0.9747646212652247,0.9535239999345348,0.9018933116617815,0.804984216041887,0.7212554545164372
1,140c56e45b34e78c,2026-08-01,0,13.63,1,0.8297681253969947,0.7064793948834868,0.4705289025554828,0.20518720068299354,0.09202453858736061
4,e5fa79919764d0b5,2026-08-01,0,164.73,0,0.9823885473618337,0.9674570223909605,0.930731889683864,0.8600127594344062,0.7967935998597658
2,bf96aae12dab5cea,2026-08-01,0,167.29,0,0.9955617338124868,0.9917518706182907,0.9821900589824297,0.9629504142093398,0.9447194790872655
4,061d5038aa8112db,2026-08-01,0,88.38,0,0.979404664771972,0.9619927169657693,0.919363538474428,0.83809248286852,0.7664008226941798
4,906a1baf33557482,2026-08-01,0,88.72,0,0.996644452459931,0.9937610919149165,0.9865126165809333,0.9718751800780718,0.957939085682437
3,835463c5f6c8c9a1,2026-08-01,0,77.1,0,0.9824134232578141,0.9675026371811388,0.9308271071744362,0.8601976089086214,0.797051581833694
2,f14e5b1df48bff4e,2026-08-01,0,127.32,0,0.9864969843692005,0.9750041339934323,0.9465573987775091,0.8910213996735608,0.8404605821357626
2,4dfdcef39508ef08,2026-08-01,0,56.83,1,0.9671811616189907,0.9397578050370696,0.8738800311718988,0.7533530806896155,0.6527171688885752
4,956e59be6fa7f49c,2026-08-01,0,83.83,1,0.953102964853716,0.9144476952670216,0.8236166993583297,0.6651973033194036,0.5411445887221753
3,d396a8d07ece7916,2026-08-01,0,157.86,0,0.9854011521765055,0.9729884586273765,0.942316656548951,0.8826555963773905,0.8286026654634148
3,468e096fc731dc12,2026-08-01,0,101.78,0,0.9223969717188135,0.8603555252431093,0.7215536709934262,0.5037818493527099,0.3560352251249198
2,71e82c35102e4167,2026-08-01,0,103.45,0,0.9596332468096005,0.9261482098222693,0.8466532606361735,0.7048873042898885,0.5905072998920782
1,83135cef180677f8,2026-08-01,0,59.18,1,0.6926891828880379,0.504761841296561,0.22687007423104272,0.04431791278151708,0.009148827147524038
3,42129b4048016115,2026-08-01,0,154.48,0,0.9942903770781552,0.9893949933239209,0.9771326081954382,0.9525630739669521,0.9294114163816299
2,2b3115209667df2c,2026-08-01,0,36.13,1,0.839645701861531,0.7222187960858789,0.4935703892915057,0.22686627864954753,0.10705506796522297
3,dd673266333a80e8,2026-08-01,0,139.79,0,0.9861476588068894,0.9743613743592356,0.945203993772565,0.8883470155994565,0.8366636809213497
2,cdc99d6b72de5a2f,2026-08-01,0,170.45,0,0.9907362701655774,0.9828200639619872,0.9630983184166196,0.924047504104146,0.8878220054334719
1,c00a44d7b8453316,2026-08-01,0,121.02,0,0.9955859888288087,0.9917968604929864,0.9822867363848585,0.9631495519727429,0.9450137734042641
1,5c4c5f9bc6e19b71,2026-08-01,0,161.42,0,0.9942815196652074,0.9893785823061153,0.9770974423338238,0.9524910545455421,0.9293055733800056
4,d591c052ffca95a9,2026-08-01,0,3.82,1,0.7729624382415056,0.6190899172748385,0.35331439866949943,0.1123960516106094,0.03716742411208547
4,2acca47d7c7617ea,2026-08-01,0,143.42,1,0.9227683147147362,0.8610005620336119,0.7227279511902989,0.5055058254012003,0.3578720345170988
4,c6382759d4d5d261,2026-08-01,0,102.83,0,0.9689142234607104,0.9428956481714248,0.8802234109634931,0.7648875172332705,0.6678285864493672
2,8cdef75f1fe34077,2026-08-01,0,76.31,0,0.9874048603921306,0.9766755450763184,0.9500816364506178,0.8980052083165354,0.850402904699211
2,efd156127d074d61,2026-08-01,1,7.76,1,0.8663631796650462,0.7655947373539757,0.5601556852503794,0.29595956384828903,0.15978143881465753
1,a80bbabbabffbc40,2026-08-01,0,0.76,1,0.977980868395468,0.9593904064825838,0.9139759649214182,0.8278077793215782,0.7522784258914181
4,595de99cdd79435d,2026-08-01,0,92.82,0,0.9737085697355186,0.9516014042733824,0.897952322296332,0.7976121617587614,0.7113291559684691
1,958484c8eb4f1dea,2026-08-01,0,106.15,1,0.9814230122025648,0.9656872953329158,0.9270417693735215,0.8528650171914907,0.7868395351295525
1,47468dcfa01964de,2026-08-01,0,82.78,1,0.9824251396917248,0.9675241218848248,0.9308719567187204,0.8602846843118036,0.7971731168407289
4,e47284ea4d859c9e,2026-08-01,0,21.39,1,0.9651824320351597,0.9361449631497991,0.8666070309522197,0.7402412431436434,0.6356809426140622
2,73ce78c8559443d1,2026-08-01,1,30.38,1,0.8380391591867774,0.7196479238723346,0.4897662008057984,0.22320836281751114,0.10446568323950227
3,77ba0a399e463009,2026-08-01,0,151.89,0,0.9908091688473224,0.9829547191894037,0.9633846444186139,0.9246247385761801,0.8886575297627824
4,6da5e977896183ff,2026-08-01,1,50.39,1,0.9761519930511791,0.9560525109712887,0.907090490817168,0.8147604644001486,0.7344900601188784
1,e2a899dba1ddb40e,2026-08-01,0,179.69,0,0.9926505979849415,0.9863589580418631,0.9706385410098565,0.9393116526014116,0.9100048956417794
1,3bedc4b223dd7fba,2026-08-01,0,99.56,1,0.951135314447361,0.9109356979009343,0.8167689128494748,0.6536313679272155,0.5270345271758332
1,3175002ed5c8f601,2026-08-01,0,22.01,1,0.9807205024785902,0.9644006097538836,0.9243638170761621,0.8476974093932392,0.7796692787711585
3,7822f667387b29c7,2026-08-01,0,99.81,0,0.9880440874576968,0.9778531650976646,0.9525689362160584,0.9029513690205512,0.8574681173245653
1,f550f6243310af59,2026-08-01,0,101.03,0,0.9801443007236988,0.9633458570927939,0.9221716968004372,0.8434795528494405,0.7738332135935846
4,87b53ae4fccc9e3e,2026-08-01,0,65.37,1,0.9766223143445086,0.9569103838416883,0.9088574472204004,0.8180983183676943,0.73902717450966
1,20207058393d4568,2026-08-01,0,74.53,1,0.9554309533981588,0.9186109271273728,0.8317742204483464,0.6791141961531277,0.5582880246879424
1,26a1df1f2abb2e3f,2026-08-01,0,73.03,1,0.9164818756087637,0.8501109635418028,0.7030415069691732,0.4770113507140538,0.327924050745076
2,0cd9cac24b1a17cf,2026-08-01,0,11.02,1,0.9484974735632253,0.9062373156477703,0.8076560612181992,0.6384045065074425,0.5086503367143922
4,593f6b659b72c938,2026-08-01,0,137.01,0,0.9914346379783766,0.9841104091328896,0.9658439486700092,0.9295904861956302,0.8958561561992537
2,0ab5ff8461a29d34,2026-08-01,1,17.44,1,0.9465857514765554,0.9028392881941432,0.8010996784079057,0.6275655826958573,0.49569823368440324
1,c6c399a03d66147d,2026-08-01,0,173.65,0,0.9944252632202961,0.9896449259868855,0.9776682532952873,0.9536604238684716,0.931024632551634
2,0db562277469861d,2026-08-01,0,104.25,0,0.9801688043310006,0.9633907007204099,0.9222648393833437,0.8436585441502927,0.7740805765315155
3,8cacac70e0c8a431,2026-08-01,0,117.01,0,0.967379539857591,0.9401167388323062,0.8746043893914195,0.7546655676146872,0.6544308083744719
4,b99def919028b441,2026-08-01,0,12.44,1,0.9609432228306891,0.9285036267365133,0.8513321701928872,0.7130960120097305,0.6008960404323294
1,071321399f23fdd3,2026-08-01,0,88.01,0,0.9825438536684424,0.9677418229850849,0.9313264757586253,0.861167393738488,0.7984055051189034
3,f50bd67a138f7094,2026-08-01,1,78.28,0,0.9148988502365027,0.8473789051334635,0.6981484016854077,0.4700633079579271,0.3207559278192108
4,5d871ec898a96be9,2026-08-01,0,98.63,0,0.9880425778803651,0.9778503832956252,0.952563056526063,0.902939660079166,0.8574513688060582
1,e768c2d17b54f989,2026-08-01,0,131.01,0,0.981826247088244,0.9664262011643606,0.9285815269813203,0.8558437186270147,0.7909826120406503
4,3b3303d566130021,2026-08-01,0,147.25,0,0.9888767728582156,0.9793881701215084,0.9558163476234927,0.9094304925770911,0.8667527274010862
1,038ec3223546ddc2,2026-08-01,0,154.39,0,0.9877708571520519,0.9773497244878532,0.9515051695266176,0.9008342560152098,0.8544415782309479
4,23eaa9b15cf4ba72,2026-08-01,0,59.08,1,0.9880293281107656,0.9778259671905184,0.952511450843287,0.9028368948238857,0.8573043776746667
4,e3b817cc9fbc5c20,2026-08-01,0,91.02,1,0.8895605671086771,0.8042037617658522,0.6232607354026602,0.3703653127085623,0.22399337187073023
3,e71ef14acaf89607,2026-08-01,0,155.63,0,0.993663310247164,0.9882334750267141,0.9746453679324689,0.9474762600798121,0.921945576322364
2,31e0fdac46d0b984,2026-08-01,0,95.52,0,0.980797590200576,0.9645417614058813,0.9246573891648311,0.8482631082858493,0.7804531321181278
3,e4347d583e05c9b3,2026-08-01,0,40.43,1,0.8340622148147727,0.7133020746653965,0.48044396323961597,0.21437619233786256,0.0983020602445987
1,8d114115c44e4341,2026-08-01,0,133.28,0,0.990378741596953,0.9821597766253872,0.9616949714331348,0.9212210819536681,0.8837346854906389
2,ae88dc33b2033f34,2026-08-01,0,3.11,1,0.9750348905780885,0.9540163276906367,0.902903995107025,0.8068805372161831,0.7238162743053098
2,8d58a56d3fee9da0,2026-08-01,0,159.14,0,0.9918382275579676,0.9848564621447427,0.9674333424627775,0.9328071537199063,0.9005296254959267
1,c73927d61fe3201e,2026-08-01,0,97.8,1,0.9642039647139644,0.9343786648966044,0.8630632257544688,0.7338961333751894,0.6274912630273203
2,f24ae8de0fc3cdaf,2026-08-01,0,172.21,0,0.9932152046221518,0.987403834225481,0.9728708922915542,0.9438558890836588,0.9166443536431742
4,431b1b088bcb458e,2026-08-01,0,116.68,0,0.9846408478831382,0.9715910885557328,0.9393827798186554,0.8768920714471725,0.8204662979431953
2,bbe5f6df6e65ebcf,2026-08-01,0,134.0,0,0.9927968923874165,0.9866296452281506,0.9712165919335001,0.9404872465776433,0.9117209675593395
3,b79ab15d99180066,2026-08-01,0,82.54,0,0.8391770238139302,0.7214683549100073,0.4924583013492651,0.22579372800108188,0.1062936183053193
3,987b8c526fb64ca1,2026-08-01,1,111.33,0,0.9899539407111082,0.9813755171516017,0.9600295725309484,0.9178727586251781,0.8789008487082304
3,9745ae02e62b0106,2026-08-01,0,97.87,0,0.9876933733610117,0.9772069785416363,0.9512036648849809,0.9002346738273569,0.8535850935747139
1,aba387f93b5e04e9,2026-08-01,0,70.13,1,0.8769024509949802,0.7830269745901995,0.588198512755391,0.3279460844417372,0.18649254161736026
4,d08ce8370a1c1747,2026-08-01,0,58.96,1,0.9824639707717636,0.9675953289393739,0.9310206105209682,0.8605733287355654,0.7975760352208383
3,1fbd513f04d514b6,2026-08-01,0,97.33,0,0.9754388712018829,0.9547524458788427,0.9044162863257741,0.8097223800323439,0.7276596472991734
3,aed6c6ae972e65b1,2026-08-01,1,88.83,1,0.9362643965956792,0.8845955321720493,0.7663909077821236,0.5718031734219489,0.4308683812957902
1,0249ef177473a31f,2026-08-01,0,155.04,0,0.9952827075297906,0.9912343814046436,0.9810784106649514,0.9606621724464448,0.9413400292839538
1,958be5a9a55a81e8,2026-08-01,0,162.93,0,0.9842413500546002,0.9708572205302981,0.9378439474646897,0.8738769844854036,0.8162206631916827
4,b49193590a28d465,2026-08-01,0,142.59,0,0.9680420477988297,0.9413159011119112,0.8770267449151146,0.7590634047182593,0.6601838099576284
4,e9a04d781fac844a,2026-08-01,0,158.33,0,0.9806156207169737,0.9642085811181395,0.9239645099694885,0.8469282817579904,0.7786039717760765
3,c0335d3e15be8c68,2026-08-01,1,8.83,1,0.9890584976616769,0.9797233169394377,0.9565261668763634,0.9108499326379832,0.8687912749593303
1,6e8bac7fcd58df75,2026-08-01,0,126.62,0,0.9225698983848241,0.8606558775420422,0.7221003299601554,0.5045840225701739,0.356889504957686
1,1d329fdf10e48a5c,2026-08-01,0,137.19,0,0.994333589418729,0.9894750589707076,0.9773041842710336,0.9529145014091657,0.9299279481749961
1,d7a4be7953276a46,2026-08-01,0,78.68,1,0.9856316894447882,0.9734123488239407,0.9432076189156893,0.8844097857415254,0.8310844064641739
2,cf7b8472dd7c5265,2026-08-01,0,133.93,1,0.9836585661883955,0.9697871208082948,0.9356025153728258,0.8694950045147859,0.8100634787684279
1,2f7f212896e5979b,2026-08-01,0,17.8,1,0.7303650755210851,0.5570765831357176,0.2809980782342356,0.06947106092284515,0.01800648590702934
1,b28d5595cb5255b5,2026-08-01,0,104.67,0,0.9572026996103612,0.9217852753105789,0.8380232358087322,0.6898773207019481,0.5716692177212767
3,40d2edb6c05693f2,2026-08-01,1,14.83,1,0.8297385550162217,0.706432517127111,0.4704611629083655,0.20512514676490298,0.09198262103551723
4,582d38a0da97095d,2026-08-01,1,11.45,1,0.8923529409706341,0.8089105540383547,0.6312025442722894,0.3803495156299949,0.23315063117905915
4,7ad7c997fb8bb525,2026-08-01,0,144.35,0,0.9703610136726298,0.9455188823609282,0.8855454580381613,0.7746356927541258,0.6806901357310341
2,abaaa5500f004974,2026-08-01,0,77.98,0,0.9958208690121269,0.9922325813063562,0.9832233093041477,0.9650798379111705,0.9478680288077903
2,043f88fed5e3de70,2026-08-01,0,158.04,0,0.9605565745533851,0.9278081214192659,0.8499491396920325,0.7106644298098235,0.5978123440475565
3,f9b8106f4cd92395,2026-08-01,0,96.77,0,0.9845295862472859,0.9713866777813017,0.9389540185230533,0.876051437864985,0.8192818322455906
3,a5f1adf27a124663,2026-08-01,0,84.57,0,0.9760155302242501,0.9558036674623367,0.9065782959421121,0.8137942437930674,0.7331784389342301
2,8c27dd0363373870,2026-08-01,0,32.17,1,0.9710040224738953,0.9466858306555518,0.8879185350158231,0.7790032176394117,0.6864792583132536
2,6c16a7eb636f6850,2026-08-01,0,108.82,0,0.9955365420269433,0.9917051441597639,0.9820896553174755,0.9627436238672827,0.9444139080712823
1,1946ff53dd92cd3b,2026-08-01,0,117.45,0,0.9843888433066592,0.9711281322399324,0.9384118581325182,0.874989077762375,0.8177857734028268
3,f44d227300881edd,2026-08-01,0,78.52,0,0.9859997164934323,0.9740892193983696,0.944631254514415,0.8872165277095638,0.8350604325825561
4,2dab3886775615af,2026-08-01,0,160.63,0,0.9807092526610833,0.9643800115491062,0.9243209804194203,0.8476148818072686,0.7795549476201875
1,3decd8472fc68b26,2026-08-01,0,20.49,1,0.9489195887313947,0.9069884088477179,0.809109159487268,0.6408199178630226,0.5115519301576489
4,33085e4ed06338ac,2026-08-01,0,105.36,0,0.9756118185647504,0.9550676643584399,0.9050642927038971,0.8109416925388124,0.7293107695287651
3,08f2ae28aab152c1,2026-08-01,0,34.24,1,0.9851041653622878,0.9724425132495994,0.9411698187659034,0.8804003078039484,0.8254156613510473
4,cbcb208ca3a306d4,2026-08-01,0,75.1,0,0.9778716857104708,0.9591909851083263,0.9135638062238151,0.8270237214502268,0.7512054260999624
1,0d130046f6b67845,2026-08-01,0,95.79,0,0.9425344073089121,0.8956576843571631,0.7873377451816007,0.6051306360608286,0.4692486931353593
4,8b1543c7d28a0d97,2026-08-01,0,141.86,1,0.9671457766163833,0.9396937881848354,0.8737508738451182,0.7531191823162393,0.6524119396704465
1,ae0d3312e1df8c4a,2026-08-01,0,137.57,0,0.9217873825271468,0.8592971310703618,0.7196291097868495,0.5009630489544156,0.353038787726994
3,3e021e7358375391,2026-08-01,0,142.02,0,0.9782899329845981,0.9599550147425984,0.915143425580732,0.8300307767909733,0.7553234423212719
3,ab6109b126687f81,2026-08-01,0,76.89,1,0.9820530462394765,0.9668419131408345,0.9294484075958807,0.8575231163734215,0.7933217089286383
3,ea793deba5623ccd,2026-08-01,0,106.21,1,0.9766874900370354,0.9570292933515966,0.909102510824176,0.818561818359616,0.7396579480770628
2,873382c4b6554d8e,2026-08-01,0,63.35,1,0.813712916146667,0.6812392163329698,0.43481532293339553,0.17383201748269148,0.07168369787676794
4,568747aa6b01a4d5,2026-08-01,0,136.82,0,0.9776599146580642,0.958804241545623,0.9127647807451861,0.825504827961654,0.7491282533172514
1,24ed93caf9a8dbe7,2026-08-01,0,101.41,1,0.980187853410794,0.9634255627792577,0.922337253224688,0.843797714957257,0.7742729265852852
3,3a8c2ea00aa8e298,2026-08-01,1,6.63,1,0.9780941727764573,0.9595973763963569,0.9144038307245778,0.8286221290070191,0.7533934255321437
2,3dc2e473a2527175,2026-08-01,0,84.83,1,0.9865456564801433,0.9750937063358198,0.9467460866225307,0.8913945892348265,0.8409908695423607
2,f53b0762c6ad000b,2026-08-01,0,165.38,0,0.9887999895679478,0.9792465781328417,0.9555165503218469,0.9088313302132938,0.8658927157060429
4,6c10d2764bd32bd5,2026-08-01,0,93.93,0,0.9801963848969303,0.9634411765927289,0.9223696865030289,0.8438600517684907,0.7743590884331184
1,b8f14d108ed0b4a5,2026-08-01,0,9.82,1,0.9789493583622038,0.961160186424166,0.917638090132209,0.8347914145090911,0.7618583577309889
2,4fbcffdfa4b4d0bc,2026-08-01,0,79.22,0,0.9782032788924329,0.9597966969910356,0.914815985254516,0.829406972454386,0.7544685506477324
2,d762cfc1876c21a2,2026-08-01,0,116.16,0,0.9951594885825069,0.9910058962233553,0.9805878044917239,0.959653204992195,0.9398512028733393
2,2e45d5e78b6b24e8,2026-08-01,0,19.99,1,0.9659091425595133,0.9374577973053033,0.8692461028664416,0.7449850441717791,0.6418270786765485
2,950168ea2fe30257,2026-08-01,0,105.7,0,0.9846886377044229,0.9716788945135071,0.9395669893816067,0.8772533642647148,0.820975541792962
2,a0a01969b20e5640,2026-08-01,0,7.56,1,0.7391443882297959,0.569609499266035,0.2948954000678252,0.0768860738106127,0.02097834973098874
4,0ee7c3103d027bc9,2026-08-01,0,139.51,0,0.9895910466570286,0.9807057786264172,0.9586085941788589,0.9150208992119836,0.8747907694521951
2,7b79cc67d17302eb,2026-08-01,0,131.0,0,0.9995074979348274,0.9990831681771916,0.9980117869930141,0.9958276172994618,0.9937218535004074
4,ffdf8a95c968efc7,2026-08-01,0,127.89,0,0.9888114772998583,0.9792677614464222,0.9555613992121833,0.9089209501703028,0.8660213340575743
3,c7cc94995053ffae,2026-08-01,0,66.33,1,0.9735371719469363,0.951289535303154,0.8973139217064197,0.7964213077556677,0.7097300408724873
4,44ff8803a059a565,2026-08-01,0,68.32,1,0.9903874800372879,0.9821759124152888,0.9617292526133847,0.9212900721756926,0.8838343775068439
4,8878139d82c81f5b,2026-08-01,0,41.61,1,0.9865992775241879,0.9751923907171655,0.9469539928294393,0.8918058839747369,0.8415754330936658
3,9e7542a6acb94bc0,2026-08-01,0,130.8,0,0.9871634917728831,0.976231053105116,0.9491437179970175,0.8961437912097301,0.8477491050622669
4,e99b13f9e0f8dc54,2026-08-01,0,111.37,0,0.9668734512428263,0.9392011777177387,0.8727573509213936,0.751321227307233,0.650067273919806
4,ddf081a4e72d242e,2026-08-01,0,86.01,1,0.9717720870805967,0.9480806065894875,0.8907594088838422,0.7842486229678963,0.6934537507988737
1,8b6dfd1bf11c9195,2026-08-01,0,75.28,0,0.9943462017621474,0.9894984282178885,0.9773542662854308,0.9530170937524052,0.9300787576820159
4,522b40618cf5e6ba,2026-08-01,0,152.88,0,0.9838187581915891,0.970081208715086,0.9362182241108505,0.8706975597966351,0.8117516464087062
1,6c03a0dac392e238,2026-08-01,0,172.33,0,0.9861491650157482,0.9743641453649036,0.9452098262059364,0.8883585316906092,0.836680018261797
4,0ab7b254b5782ae2,2026-08-01,0,83.48,0,0.9902737776877072,0.9819659672362703,0.9612832665198164,0.9203927451502111,0.8825380202333227
4,1610ed49b82b4a4b,2026-08-01,1,82.47,0,0.980986464768144,0.9648876410401506,0.925376974058701,0.8496505492159088,0.7823767422386654
4,555eff73941df0c2,2026-08-01,0,74.22,1,0.9518188440588978,0.9121549992529553,0.8191428464944971,0.657628912360273,0.5318972243879366
4,ec7c463c082f6658,2026-08-01,0,34.88,1,0.9693285688180254,0.9436465698302103,0.8817451224768763,0.7676681703003384,0.6714889148608352
2,24a9b465f9152ce4,2026-08-01,0,3.8,1,0.8939108563451494,0.8115420830142311,0.6356663804064234,0.38602243694625993,0.23840837849814828
3,b96e22539b2e628c,2026-08-01,0,76.48,0,0.9912776874213347,0.98382034983863,0.9652263857476346,0.9283422126060936,0.8940447523745342
3,6f759192629d8ffe,2026-08-01,0,132.22,0,0.9916198743602957,0.9844527942008693,0.9665731920225815,0.9310656300533072,0.897998365673246
4,a65f0fa4c504ac30,2026-08-01,0,82.4,0,0.9796577512073381,0.9624556313422544,0.9203237005213795,0.8399323884258858,0.76893657785011
4,78be0e66fc8267be,2026-08-01,0,15.02,1,0.979465319945735,0.962103650507346,0.9195935840161159,0.8385331138552393,0.7670078432730089
2,4893383dc18691b7,2026-08-01,0,46.4,1,0.9068267477132984,0.8335110341176377,0.6735949247793719,0.4360037566112451,0.2863981896271177
4,ffc8756ab4545e95,2026-08-01,1,172.87,0,0.9664688825440417,0.9384695725530284,0.8712829353329371,0.7486571625145941,0.6465983580076641
4,ff7d851c34280a16,2026-08-01,0,81.85,0,0.984255965604767,0.9708840644248983,0.9379002118947688,0.8739871294682089,0.8163756313352387
1,8caff611cc65054f,2026-08-01,1,48.02,1,0.966259067397798,0.9380902555251578,0.8705190206861232,0.7472788245742167,0.6448060552122226
