feature_set,treatment,ap,roc_auc,recall_10,precision_10,f1_10,recall_20,precision_20,f1_20,found_20,false_alarms_20
aggregate33,class_weight_balanced,0.41024351517280916,0.7830011985791786,0.325068870523416,0.49372384937238495,0.39202657807308966,0.5234159779614325,0.39832285115303984,0.45238095238095233,190,287
shap15,class_weight_balanced,0.40783331744488033,0.785279591117955,0.3168044077134986,0.4811715481171548,0.38205980066445183,0.5206611570247934,0.39622641509433965,0.45,189,288
engineered40,none,0.406412332738567,0.788334739411413,0.34710743801652894,0.5271966527196653,0.4186046511627907,0.5261707988980716,0.40041928721174,0.45476190476190476,191,286
engineered40,class_weight_balanced,0.4046337763590286,0.7771366243751143,0.3305785123966942,0.502092050209205,0.39867109634551495,0.5151515151515151,0.3920335429769392,0.4452380952380952,187,290
shap15,ros,0.40287150396302596,0.7817521097996816,0.31129476584022037,0.47280334728033474,0.3754152823920266,0.512396694214876,0.389937106918239,0.4428571428571429,186,291
engineered40,smote,0.40085744922414024,0.7822271730731951,0.31129476584022037,0.47280334728033474,0.3754152823920266,0.5013774104683195,0.38155136268343814,0.4333333333333333,182,295
engineered40,class_weight_2,0.39908221327957794,0.785025677989008,0.3305785123966942,0.502092050209205,0.39867109634551495,0.512396694214876,0.389937106918239,0.4428571428571429,186,291
aggregate33,smote,0.39858401871191373,0.7777550257052914,0.31129476584022037,0.47280334728033474,0.3754152823920266,0.4903581267217631,0.3731656184486373,0.42380952380952386,178,299
aggregate33,class_weight_2,0.398448033914567,0.7817056955718096,0.31955922865013775,0.48535564853556484,0.3853820598006645,0.509641873278237,0.38784067085953877,0.4404761904761905,185,292
shap15,smote,0.39754892468834385,0.7806368032064039,0.3140495867768595,0.4769874476987448,0.37873754152823913,0.5289256198347108,0.4025157232704403,0.45714285714285713,192,285
aggregate33,ros,0.39663615407711594,0.7738507700666454,0.3168044077134986,0.4811715481171548,0.38205980066445183,0.5068870523415978,0.3857442348008386,0.4380952380952381,184,293
shap15,class_weight_2,0.39265802375945097,0.782348669140272,0.31955922865013775,0.48535564853556484,0.3853820598006645,0.5261707988980716,0.40041928721174,0.45476190476190476,191,286
aggregate33,none,0.39117392625773045,0.7816729325874294,0.3278236914600551,0.497907949790795,0.39534883720930236,0.5041322314049587,0.3836477987421384,0.4357142857142857,183,294
shap15,none,0.3906990309162189,0.7849847242585328,0.31955922865013775,0.48535564853556484,0.3853820598006645,0.5041322314049587,0.3836477987421384,0.4357142857142857,183,294
engineered40,ros,0.38976029395537065,0.7724801852200717,0.31955922865013775,0.48535564853556484,0.3853820598006645,0.5289256198347108,0.4025157232704403,0.45714285714285713,192,285
