feature,mean_abs_shap,top15_outer_folds
days_since_last_game,0.31716388269542084,5
last_week_share,0.24798424150756182,5
mode_switch_rate_20,0.17155329806876993,5
active_days_30d,0.16147326077722315,5
winrate_change_10,0.10880032888657372,5
games_7d,0.10727546059446326,5
recent_activity_ratio,0.09618531258277241,5
gap_spread,0.08342554220683089,3
last_gap,0.08224820682891043,5
avg_cs_per_min_20,0.07977668548314894,5
avg_vision_per_min_20,0.0791148437743309,3
last_vs_typical_gap,0.0755117707762021,4
games_30d,0.07372539713152643,3
games_90d,0.060567627053333406,2
mode_concentration,0.05919205128512711,3
unique_modes_30d,0.05857925371179797,1
winrate_20,0.05236600925751901,2
max_gap_30d,0.050729072461544324,3
activity_change_30d,0.05002790751244404,0
ranked_share,0.04371854267697536,2
games_prev30d,0.04150255144582745,1
avg_kda_20,0.03964903799579494,1
avg_gap_30d,0.0311467099344198,1
games_per_active_day,0.028275650146119564,1
avg_kills_20,0.027877420890293898,0
avg_damage_per_min_20,0.02554599632143722,0
ranked_flex_ratio_30d,0.022834914865643475,0
avg_game_duration_20,0.022443668620419934,0
losing_streak,0.018858354506009405,0
avg_assists_20,0.018203512141972814,0
avg_deaths_20,0.017455052794744925,0
avg_gold_per_min_20,0.01707434278814948,0
ranked_solo_ratio_30d,0.01646528905875247,0
unique_champions_20,0.013761018809009875,0
top_champion_ratio_20,0.011135117718693405,0
normal_ratio_30d,0.010229985356261097,0
other_ratio_30d,0.009918712808154593,0
aram_ratio_30d,0.009067534886546233,0
arena_ratio_30d,0.0,0
rotating_ratio_30d,0.0,0
