fold,model,feature_set,weighted,train_users,validation_users,pr_auc_ap,roc_auc,top10_precision,top10_recall
1,CatBoost,all_33,False,6717,1680,0.5796194300560531,0.8917939482172217,0.6071428571428571,0.46788990825688076
1,CatBoost,all_33,True,6717,1680,0.5630323322628381,0.8911350544058032,0.6071428571428571,0.46788990825688076
1,XGBoost,all_33,False,6717,1680,0.5701233043689056,0.8903381066529449,0.5833333333333334,0.44954128440366975
1,XGBoost,all_33,True,6717,1680,0.5778296808585611,0.8915680417675923,0.6011904761904762,0.463302752293578
1,LightGBM,all_33,False,6717,1680,0.5659124068956555,0.8901310257407848,0.5773809523809523,0.44495412844036697
1,LightGBM,all_33,True,6717,1680,0.5611198154598684,0.8872224802018098,0.5952380952380952,0.45871559633027525
1,CatBoost,shap_top_15,False,6717,1680,0.5663236189200489,0.8916872701715635,0.6071428571428571,0.46788990825688076
1,CatBoost,shap_top_15,True,6717,1680,0.5550618115434086,0.8901404385095195,0.6130952380952381,0.4724770642201835
1,XGBoost,shap_top_15,False,6717,1680,0.5649239630618363,0.8915021523864507,0.6190476190476191,0.47706422018348627
1,XGBoost,shap_top_15,True,6717,1680,0.5634526528261258,0.8915743169467489,0.6071428571428571,0.46788990825688076
1,LightGBM,shap_top_15,False,6717,1680,0.5532185227142912,0.8881763074335772,0.6071428571428571,0.46788990825688076
1,LightGBM,shap_top_15,True,6717,1680,0.5712585684285664,0.8882280776616173,0.6130952380952381,0.4724770642201835
2,CatBoost,all_33,False,6717,1680,0.5532646972021987,0.8939902609219493,0.6190476190476191,0.47706422018348627
2,CatBoost,all_33,True,6717,1680,0.5764651555581931,0.8937894551889457,0.6011904761904762,0.463302752293578
2,XGBoost,all_33,False,6717,1680,0.5629548341480335,0.8917311964256579,0.5952380952380952,0.45871559633027525
2,XGBoost,all_33,True,6717,1680,0.5765080459863179,0.8912825211159778,0.6369047619047619,0.4908256880733945
2,LightGBM,all_33,False,6717,1680,0.5413120482741028,0.887689981048959,0.5892857142857143,0.4541284403669725
2,LightGBM,all_33,True,6717,1680,0.554771811365414,0.8888979530365593,0.5892857142857143,0.4541284403669725
2,CatBoost,shap_top_15,False,6717,1680,0.5682030301782015,0.8932874408564364,0.6071428571428571,0.46788990825688076
2,CatBoost,shap_top_15,True,6717,1680,0.5856042047130895,0.8915303906926543,0.6011904761904762,0.463302752293578
2,XGBoost,shap_top_15,False,6717,1680,0.556771046475236,0.8892744637859411,0.5952380952380952,0.45871559633027525
2,XGBoost,shap_top_15,True,6717,1680,0.5756081062171179,0.8890297317988429,0.6130952380952381,0.4724770642201835
2,LightGBM,shap_top_15,False,6717,1680,0.5396380563715096,0.8838495714052637,0.5773809523809523,0.44495412844036697
2,LightGBM,shap_top_15,True,6717,1680,0.5697462278801385,0.8884775160330828,0.5833333333333334,0.44954128440366975
3,CatBoost,all_33,False,6718,1679,0.5135108068211149,0.8854829253531871,0.5833333333333334,0.45161290322580644
3,CatBoost,all_33,True,6718,1679,0.5176876866068548,0.8819778474030271,0.5714285714285714,0.4423963133640553
3,XGBoost,all_33,False,6718,1679,0.49974660050557645,0.8825105436022871,0.5773809523809523,0.4470046082949309
3,XGBoost,all_33,True,6718,1679,0.5001042406141198,0.8813631979423427,0.5952380952380952,0.4608294930875576
3,LightGBM,all_33,False,6718,1679,0.4809186497290502,0.8750244283760016,0.5714285714285714,0.4423963133640553
3,LightGBM,all_33,True,6718,1679,0.5089359694283435,0.8784317928221551,0.6130952380952381,0.47465437788018433
3,CatBoost,shap_top_15,False,6718,1679,0.511327116394596,0.8842252579951712,0.5654761904761905,0.4377880184331797
3,CatBoost,shap_top_15,True,6718,1679,0.5205520388872206,0.8852953784664654,0.5714285714285714,0.4423963133640553
3,XGBoost,shap_top_15,False,6718,1679,0.5046576280238669,0.8797588052475304,0.5654761904761905,0.4377880184331797
3,XGBoost,shap_top_15,True,6718,1679,0.511508052096986,0.8786004274177788,0.5654761904761905,0.4377880184331797
3,LightGBM,shap_top_15,False,6718,1679,0.4957052757579448,0.8714106047520284,0.5297619047619048,0.41013824884792627
3,LightGBM,shap_top_15,True,6718,1679,0.5119411551516775,0.876677677822817,0.5833333333333334,0.45161290322580644
4,CatBoost,all_33,False,6718,1679,0.5076263769368401,0.8694497296686321,0.5892857142857143,0.4541284403669725
4,CatBoost,all_33,True,6718,1679,0.4908825836462719,0.8625611463808249,0.5773809523809523,0.44495412844036697
4,XGBoost,all_33,False,6718,1679,0.5024645953653484,0.8656443682534898,0.5833333333333334,0.44954128440366975
4,XGBoost,all_33,True,6718,1679,0.4916870730480999,0.8598013174337046,0.5773809523809523,0.44495412844036697
4,LightGBM,all_33,False,6718,1679,0.480707486375079,0.858821719445648,0.5476190476190477,0.42201834862385323
4,LightGBM,all_33,True,6718,1679,0.4826921412334192,0.8567997287267111,0.5892857142857143,0.4541284403669725
4,CatBoost,shap_top_15,False,6718,1679,0.5180319660771455,0.8715188164446872,0.5892857142857143,0.4541284403669725
4,CatBoost,shap_top_15,True,6718,1679,0.5017983092425603,0.8663853462188146,0.5952380952380952,0.45871559633027525
4,XGBoost,shap_top_15,False,6718,1679,0.5278780562430809,0.8646647702654333,0.5773809523809523,0.44495412844036697
4,XGBoost,shap_top_15,True,6718,1679,0.5295669330259801,0.8623570634666468,0.5833333333333334,0.44954128440366975
4,LightGBM,shap_top_15,False,6718,1679,0.5114756229374027,0.8617730723583822,0.5773809523809523,0.44495412844036697
4,LightGBM,shap_top_15,True,6718,1679,0.5141542989915333,0.8601718064163669,0.5833333333333334,0.44954128440366975
5,CatBoost,all_33,False,6718,1679,0.5306206577161646,0.8840589265866662,0.5833333333333334,0.44954128440366975
5,CatBoost,all_33,True,6718,1679,0.5242525799568049,0.8833744638898833,0.6011904761904762,0.463302752293578
5,XGBoost,all_33,False,6718,1679,0.5257719658290406,0.8832457346670938,0.6071428571428571,0.46788990825688076
5,XGBoost,all_33,True,6718,1679,0.5255780722847979,0.8794372335148102,0.6130952380952381,0.4724770642201835
5,LightGBM,all_33,False,6718,1679,0.5250263188991146,0.8816695866222078,0.6011904761904762,0.463302752293578
5,LightGBM,all_33,True,6718,1679,0.5169717577079169,0.879936451720262,0.6071428571428571,0.46788990825688076
5,CatBoost,shap_top_15,False,6718,1679,0.5179122353595306,0.8832064879528286,0.5773809523809523,0.44495412844036697
5,CatBoost,shap_top_15,True,6718,1679,0.512434226244595,0.8795455544461819,0.5952380952380952,0.45871559633027525
5,XGBoost,shap_top_15,False,6718,1679,0.5378907006071494,0.8782143058983101,0.6130952380952381,0.4724770642201835
5,XGBoost,shap_top_15,True,6718,1679,0.5386170534395043,0.8770212057846517,0.6011904761904762,0.463302752293578
5,LightGBM,shap_top_15,False,6718,1679,0.5418421300052962,0.8760918435908546,0.6071428571428571,0.46788990825688076
5,LightGBM,shap_top_15,True,6718,1679,0.5475165529988733,0.8764654723106581,0.5952380952380952,0.45871559633027525
