model,feature_set,weighted,pr_auc_mean,pr_auc_std,roc_auc_mean,top10_precision_mean,top10_recall_mean
XGBoost,shap_top_15,True,0.5437505595211428,0.025836907672580452,0.8797165490829337,0.594047619047619,0.4581998055214983
LightGBM,shap_top_15,True,0.5429233606901578,0.02885742360512653,0.8780041100489084,0.5916666666666667,0.456377626516721
XGBoost,shap_top_15,False,0.538424278882234,0.023929748069355994,0.8806828995167331,0.594047619047619,0.4581998055214983
CatBoost,all_33,False,0.5369283937464744,0.02973288790266677,0.8849551581495312,0.5964285714285714,0.4600473512873632
CatBoost,shap_top_15,False,0.5363595933859046,0.028349070258997234,0.8847850546841374,0.5892857142857142,0.45453008075085616
CatBoost,shap_top_15,True,0.5350901181261748,0.03458153844652287,0.8825794216667271,0.5952380952380952,0.45912146450767344
CatBoost,all_33,True,0.5344640676061926,0.034875866721277286,0.882567593453697,0.5916666666666666,0.45636917092969187
XGBoost,all_33,True,0.5343414225583794,0.041041525340025344,0.8806904623548855,0.6047619047619047,0.4664778252230161
XGBoost,all_33,False,0.5322122600433808,0.033025645856744855,0.8826939899202946,0.5892857142857142,0.45453853633788527
LightGBM,shap_top_15,False,0.528375921557289,0.023865877697940907,0.8762602799080212,0.5797619047619047,0.4471652644484843
LightGBM,all_33,True,0.5248982990389924,0.03280019348771377,0.8782576813014995,0.5988095238095238,0.46190335264025706
LightGBM,all_33,False,0.5187753820346004,0.03758713712969138,0.8786673482467202,0.5773809523809523,0.4453599966177652
