fold,model,n,mode_accuracy,mode_macro_f1,gap_mae_days,gap_median_ae_days,gap_log_mae
1,transformer,4867,0.899321964249024,0.8346226196352212,1.1463000774383545,0.2189166098833084,0.36920928955078125
1,repeat_last_mode,4867,0.9067187178960345,0.848517507577836,1.0546342134475708,0.009210254997015,0.2888813018798828
2,transformer,4867,0.9081569755496199,0.8360891678881313,1.023616909980774,0.23166191577911377,0.36605146527290344
2,repeat_last_mode,4867,0.9122662831312924,0.8438963840942082,0.9207965135574341,0.00894305482506752,0.2765650749206543
3,transformer,4866,0.9060830250719276,0.8441930656864978,1.0178288221359253,0.238124817609787,0.3658117949962616
3,repeat_last_mode,4866,0.9116317303740238,0.8528460558308157,0.9152294397354126,0.009121816605329514,0.27679723501205444
4,transformer,4866,0.9023838882038635,0.8349229868105951,1.0813909769058228,0.23965409398078918,0.3640006184577942
4,repeat_last_mode,4866,0.9060830250719276,0.8372519953224129,0.9721671938896179,0.00889500044286251,0.2692432105541229
5,transformer,4866,0.8980682285244554,0.8303724714365227,1.203609824180603,0.24549010396003723,0.3849807381629944
5,repeat_last_mode,4866,0.908138101109741,0.8560704661274693,1.1025044918060303,0.009454358369112015,0.29759618639945984
