feature,mean_abs_shap
days_since_last_game,0.5870849941435436
games_7d,0.19579706365730554
active_days_30d,0.11557052147331899
games_30d,0.08782985623043975
winrate_change_10,0.05138576216912751
games_90d,0.039386510449115786
avg_gap_30d,0.03841714766191681
unique_modes_30d,0.03679344679482868
mode_switch_rate_20,0.036637268332403945
activity_change_30d,0.031090944068118295
max_gap_30d,0.028359325925672786
avg_game_duration_20,0.026514926125590987
ranked_flex_ratio_30d,0.02109371969968454
normal_ratio_30d,0.020782003913702208
ranked_solo_ratio_30d,0.016550510735997028
unique_champions_20,0.014946143127303198
winrate_20,0.013066429909068608
games_prev30d,0.012733933053574623
losing_streak,0.011338512792307865
last_gap,0.01051603755924884
avg_gold_per_min_20,0.009144481847387335
avg_damage_per_min_20,0.00790506314060932
avg_kda_20,0.005765089163581802
avg_kills_20,0.005398907361986276
top_champion_ratio_20,0.004358624154794618
avg_vision_per_min_20,0.004087875275386274
other_ratio_30d,0.0038384252037081653
avg_deaths_20,0.003359364604671201
aram_ratio_30d,0.0032018574255537544
avg_cs_per_min_20,0.002971820008813108
avg_assists_20,0.0027734076544417455
arena_ratio_30d,0.0
rotating_ratio_30d,0.0
