fold,model,feature_set,treatment,train_users,validation_users,validation_churn,pr_auc_ap,roc_auc,selected_at_10pct,churn_found_at_10pct,false_alarms_at_10pct,recall_at_10pct,precision_at_10pct,selected_at_20pct,churn_found_at_20pct,false_alarms_at_20pct,recall_at_20pct,precision_at_20pct
1,CatBoost,all_33,none,6244,1562,143,0.373682916732063,0.8584790825805626,157,61,96,0.42657342657342656,0.3885350318471338,313,98,215,0.6853146853146853,0.31309904153354634
1,CatBoost,all_33,class_weight,6244,1562,143,0.3386569339016883,0.8498055855349724,157,59,98,0.4125874125874126,0.37579617834394907,313,92,221,0.6433566433566433,0.2939297124600639
1,CatBoost,all_33,ros,6244,1562,143,0.34512216521643996,0.8419846538239772,157,58,99,0.40559440559440557,0.36942675159235666,313,86,227,0.6013986013986014,0.2747603833865815
1,XGBoost,all_33,none,6244,1562,143,0.35357351376470797,0.8517768348635157,157,60,97,0.4195804195804196,0.3821656050955414,313,93,220,0.6503496503496503,0.2971246006389776
1,XGBoost,all_33,class_weight,6244,1562,143,0.34800306863720093,0.847720989370038,157,55,102,0.38461538461538464,0.3503184713375796,313,95,218,0.6643356643356644,0.3035143769968051
1,XGBoost,all_33,ros,6244,1562,143,0.339379719229784,0.8423493349497577,157,57,100,0.3986013986013986,0.3630573248407643,313,94,219,0.6573426573426573,0.3003194888178914
1,LightGBM,all_33,none,6244,1562,143,0.32896429239319963,0.8409743885430989,157,60,97,0.4195804195804196,0.3821656050955414,313,94,219,0.6573426573426573,0.3003194888178914
1,LightGBM,all_33,class_weight,6244,1562,143,0.34028433087505033,0.8414327040119852,157,58,99,0.40559440559440557,0.36942675159235666,313,92,221,0.6433566433566433,0.2939297124600639
1,LightGBM,all_33,ros,6244,1562,143,0.3260678635503943,0.8368741899397291,157,59,98,0.4125874125874126,0.37579617834394907,313,91,222,0.6363636363636364,0.29073482428115016
1,CatBoost,shap_top_15,none,6244,1562,143,0.3578078044178379,0.8582326764144947,157,63,94,0.4405594405594406,0.4012738853503185,313,97,216,0.6783216783216783,0.30990415335463256
1,CatBoost,shap_top_15,class_weight,6244,1562,143,0.3641229305639474,0.8482778673053515,157,59,98,0.4125874125874126,0.37579617834394907,313,95,218,0.6643356643356644,0.3035143769968051
1,CatBoost,shap_top_15,ros,6244,1562,143,0.38483810993397494,0.8453357776825007,157,63,94,0.4405594405594406,0.4012738853503185,313,96,217,0.6713286713286714,0.30670926517571884
1,XGBoost,shap_top_15,none,6244,1562,143,0.36158874604991076,0.853955065371556,157,56,101,0.3916083916083916,0.35668789808917195,313,96,217,0.6713286713286714,0.30670926517571884
1,XGBoost,shap_top_15,class_weight,6244,1562,143,0.36382710510198946,0.8469916271184769,157,59,98,0.4125874125874126,0.37579617834394907,313,93,220,0.6503496503496503,0.2971246006389776
1,XGBoost,shap_top_15,ros,6244,1562,143,0.3828829524471206,0.846139061783882,157,60,97,0.4195804195804196,0.3821656050955414,313,92,221,0.6433566433566433,0.2939297124600639
1,LightGBM,shap_top_15,none,6244,1562,143,0.3522784209317764,0.849317701326158,157,59,98,0.4125874125874126,0.37579617834394907,313,94,219,0.6573426573426573,0.3003194888178914
1,LightGBM,shap_top_15,class_weight,6244,1562,143,0.3631426303487273,0.8476125706569682,157,63,94,0.4405594405594406,0.4012738853503185,313,95,218,0.6643356643356644,0.3035143769968051
1,LightGBM,shap_top_15,ros,6244,1562,143,0.3640957512793885,0.8470359802283693,157,64,93,0.44755244755244755,0.40764331210191085,313,96,217,0.6713286713286714,0.30670926517571884
2,CatBoost,all_33,none,6245,1561,142,0.32472011430453573,0.8257104288876315,157,58,99,0.4084507042253521,0.36942675159235666,313,84,229,0.5915492957746479,0.268370607028754
2,CatBoost,all_33,class_weight,6245,1561,142,0.30895362885110156,0.8206334554189124,157,55,102,0.3873239436619718,0.3503184713375796,313,87,226,0.6126760563380281,0.2779552715654952
2,CatBoost,all_33,ros,6245,1561,142,0.2981491780812491,0.8110154939503121,157,53,104,0.3732394366197183,0.3375796178343949,313,81,232,0.5704225352112676,0.25878594249201275
2,XGBoost,all_33,none,6245,1561,142,0.30890141023293577,0.8258593137400868,157,58,99,0.4084507042253521,0.36942675159235666,313,89,224,0.6267605633802817,0.28434504792332266
2,XGBoost,all_33,class_weight,6245,1561,142,0.31457610916881784,0.8207078978451399,157,53,104,0.3732394366197183,0.3375796178343949,313,87,226,0.6126760563380281,0.2779552715654952
2,XGBoost,all_33,ros,6245,1561,142,0.3077325962258698,0.8208071544134433,157,52,105,0.36619718309859156,0.33121019108280253,313,86,227,0.6056338028169014,0.2747603833865815
2,LightGBM,all_33,none,6245,1561,142,0.3226469402439967,0.82493126482645,157,54,103,0.38028169014084506,0.34394904458598724,313,89,224,0.6267605633802817,0.28434504792332266
2,LightGBM,all_33,class_weight,6245,1561,142,0.30400672228542663,0.8252687371586814,157,56,101,0.39436619718309857,0.35668789808917195,313,85,228,0.5985915492957746,0.2715654952076677
2,LightGBM,all_33,ros,6245,1561,142,0.3101075490450128,0.8217749059544016,157,49,108,0.34507042253521125,0.31210191082802546,313,88,225,0.6197183098591549,0.28115015974440893
2,CatBoost,shap_top_15,none,6245,1561,142,0.3226569148458508,0.8278642964198155,157,54,103,0.38028169014084506,0.34394904458598724,313,83,230,0.5845070422535211,0.26517571884984026
2,CatBoost,shap_top_15,class_weight,6245,1561,142,0.3232165591757511,0.8186880266801655,157,54,103,0.38028169014084506,0.34394904458598724,313,85,228,0.5985915492957746,0.2715654952076677
2,CatBoost,shap_top_15,ros,6245,1561,142,0.29719602876343665,0.8082015702389106,157,49,108,0.34507042253521125,0.31210191082802546,313,76,237,0.5352112676056338,0.24281150159744408
2,XGBoost,shap_top_15,none,6245,1561,142,0.3217897041618894,0.8221818578844454,157,57,100,0.4014084507042254,0.3630573248407643,313,85,228,0.5985915492957746,0.2715654952076677
2,XGBoost,shap_top_15,class_weight,6245,1561,142,0.3205732088871626,0.8184101082889159,157,56,101,0.39436619718309857,0.35668789808917195,313,85,228,0.5985915492957746,0.2715654952076677
2,XGBoost,shap_top_15,ros,6245,1561,142,0.2963656380152239,0.8136507558387676,157,54,103,0.38028169014084506,0.34394904458598724,313,85,228,0.5985915492957746,0.2715654952076677
2,LightGBM,shap_top_15,none,6245,1561,142,0.3117732117289925,0.8147822807174265,157,57,100,0.4014084507042254,0.3630573248407643,313,82,231,0.5774647887323944,0.26198083067092653
2,LightGBM,shap_top_15,class_weight,6245,1561,142,0.30901163304282797,0.8102809953448669,157,59,98,0.4154929577464789,0.37579617834394907,313,85,228,0.5985915492957746,0.2715654952076677
2,LightGBM,shap_top_15,ros,6245,1561,142,0.31817097010112844,0.8111147505186156,157,56,101,0.39436619718309857,0.35668789808917195,313,85,228,0.5985915492957746,0.2715654952076677
3,CatBoost,all_33,none,6245,1561,142,0.36883508046223556,0.8680185411269591,157,58,99,0.4084507042253521,0.36942675159235666,313,97,216,0.6830985915492958,0.30990415335463256
3,CatBoost,all_33,class_weight,6245,1561,142,0.3274183298640453,0.8574377909458158,157,55,102,0.3873239436619718,0.3503184713375796,313,93,220,0.6549295774647887,0.2971246006389776
3,CatBoost,all_33,ros,6245,1561,142,0.3274885724830197,0.8512541067405136,157,63,94,0.44366197183098594,0.4012738853503185,313,91,222,0.6408450704225352,0.29073482428115016
3,XGBoost,all_33,none,6245,1561,142,0.3508496123754715,0.8577008208518199,157,61,96,0.4295774647887324,0.3885350318471338,313,94,219,0.6619718309859155,0.3003194888178914
3,XGBoost,all_33,class_weight,6245,1561,142,0.34190003296926125,0.8531647956803542,157,61,96,0.4295774647887324,0.3885350318471338,313,96,217,0.676056338028169,0.30670926517571884
3,XGBoost,all_33,ros,6245,1561,142,0.3605073008280192,0.8550258563360431,157,65,92,0.45774647887323944,0.4140127388535032,313,96,217,0.676056338028169,0.30670926517571884
3,LightGBM,all_33,none,6245,1561,142,0.35430666891731244,0.8553037747272926,157,64,93,0.4507042253521127,0.40764331210191085,313,91,222,0.6408450704225352,0.29073482428115016
3,LightGBM,all_33,class_weight,6245,1561,142,0.3426112195479434,0.8529613197153322,157,62,95,0.43661971830985913,0.39490445859872614,313,100,213,0.704225352112676,0.3194888178913738
3,LightGBM,all_33,ros,6245,1561,142,0.3599737436556889,0.8446684334335824,157,60,97,0.4225352112676056,0.3821656050955414,313,90,223,0.6338028169014085,0.28753993610223644
3,CatBoost,shap_top_15,none,6245,1561,142,0.3623915994970999,0.8677207714220488,157,62,95,0.43661971830985913,0.39490445859872614,313,98,215,0.6901408450704225,0.31309904153354634
3,CatBoost,shap_top_15,class_weight,6245,1561,142,0.37134940576464853,0.8564601137480273,157,60,97,0.4225352112676056,0.3821656050955414,313,96,217,0.676056338028169,0.30670926517571884
3,CatBoost,shap_top_15,ros,6245,1561,142,0.36834955786320456,0.8464252746925527,157,59,98,0.4154929577464789,0.37579617834394907,313,91,222,0.6408450704225352,0.29073482428115016
3,XGBoost,shap_top_15,none,6245,1561,142,0.3399759311328183,0.8535171564978314,157,56,101,0.39436619718309857,0.35668789808917195,313,97,216,0.6830985915492958,0.30990415335463256
3,XGBoost,shap_top_15,class_weight,6245,1561,142,0.34948132992858155,0.8485444024258304,157,57,100,0.4014084507042254,0.3630573248407643,313,95,218,0.6690140845070423,0.3035143769968051
3,XGBoost,shap_top_15,ros,6245,1561,142,0.37945332994487885,0.8521027503995077,157,59,98,0.4154929577464789,0.37579617834394907,313,97,216,0.6830985915492958,0.30990415335463256
3,LightGBM,shap_top_15,none,6245,1561,142,0.37329596878518323,0.8511151475448888,157,64,93,0.4507042253521127,0.40764331210191085,313,90,223,0.6338028169014085,0.28753993610223644
3,LightGBM,shap_top_15,class_weight,6245,1561,142,0.34147990396018585,0.8471498476411676,157,59,98,0.4154929577464789,0.37579617834394907,313,92,221,0.647887323943662,0.2939297124600639
3,LightGBM,shap_top_15,ros,6245,1561,142,0.3625859940116689,0.847184587440074,157,62,95,0.43661971830985913,0.39490445859872614,313,93,220,0.6549295774647887,0.2971246006389776
4,CatBoost,all_33,none,6245,1561,142,0.3629340491734559,0.8408817953528075,157,63,94,0.44366197183098594,0.4012738853503185,313,89,224,0.6267605633802817,0.28434504792332266
4,CatBoost,all_33,class_weight,6245,1561,142,0.3795708015829759,0.8440183029111951,157,65,92,0.45774647887323944,0.4140127388535032,313,90,223,0.6338028169014085,0.28753993610223644
4,CatBoost,all_33,ros,6245,1561,142,0.3680682968574146,0.8434773546139416,157,63,94,0.44366197183098594,0.4012738853503185,313,91,222,0.6408450704225352,0.29073482428115016
4,XGBoost,all_33,none,6245,1561,142,0.33209865585421366,0.8377155108239288,157,55,102,0.3873239436619718,0.3503184713375796,313,92,221,0.647887323943662,0.2939297124600639
4,XGBoost,all_33,class_weight,6245,1561,142,0.34744893246140574,0.8420679113440332,157,58,99,0.4084507042253521,0.36942675159235666,313,92,221,0.647887323943662,0.2939297124600639
4,XGBoost,all_33,ros,6245,1561,142,0.35621547710535245,0.8396758280479211,157,57,100,0.4014084507042254,0.3630573248407643,313,89,224,0.6267605633802817,0.28434504792332266
4,LightGBM,all_33,none,6245,1561,142,0.3296612279025275,0.8362415507846231,157,58,99,0.4084507042253521,0.36942675159235666,313,90,223,0.6338028169014085,0.28753993610223644
4,LightGBM,all_33,class_weight,6245,1561,142,0.3535231775927097,0.8330355636284231,157,57,100,0.4014084507042254,0.3630573248407643,313,89,224,0.6267605633802817,0.28434504792332266
4,LightGBM,all_33,ros,6245,1561,142,0.3734877514829691,0.8330554149420837,157,60,97,0.4225352112676056,0.3821656050955414,313,89,224,0.6267605633802817,0.28434504792332266
4,CatBoost,shap_top_15,none,6245,1561,142,0.3544637977394491,0.8437900128040974,157,64,93,0.4507042253521127,0.40764331210191085,313,94,219,0.6619718309859155,0.3003194888178914
4,CatBoost,shap_top_15,class_weight,6245,1561,142,0.3435055200372372,0.846752821367954,157,60,97,0.4225352112676056,0.3821656050955414,313,93,220,0.6549295774647887,0.2971246006389776
4,CatBoost,shap_top_15,ros,6245,1561,142,0.32868216434046804,0.8437354216915305,157,62,95,0.43661971830985913,0.39490445859872614,313,92,221,0.647887323943662,0.2939297124600639
4,XGBoost,shap_top_15,none,6245,1561,142,0.32741185883573926,0.8352936505573256,157,58,99,0.4084507042253521,0.36942675159235666,313,89,224,0.6267605633802817,0.28434504792332266
4,XGBoost,shap_top_15,class_weight,6245,1561,142,0.3208326133928557,0.8393433185441046,157,57,100,0.4014084507042254,0.3630573248407643,313,92,221,0.647887323943662,0.2939297124600639
4,XGBoost,shap_top_15,ros,6245,1561,142,0.3180926349520565,0.8373581871780366,157,55,102,0.3873239436619718,0.3503184713375796,313,93,220,0.6549295774647887,0.2971246006389776
4,LightGBM,shap_top_15,none,6245,1561,142,0.31712256978627007,0.8338891701158324,157,59,98,0.4154929577464789,0.37579617834394907,313,89,224,0.6267605633802817,0.28434504792332266
4,LightGBM,shap_top_15,class_weight,6245,1561,142,0.35569791376863746,0.8373929269769428,157,57,100,0.4014084507042254,0.3630573248407643,313,91,222,0.6408450704225352,0.29073482428115016
4,LightGBM,shap_top_15,ros,6245,1561,142,0.35192467183055454,0.8384648979146195,157,59,98,0.4154929577464789,0.37579617834394907,313,93,220,0.6549295774647887,0.2971246006389776
5,CatBoost,all_33,none,6245,1561,142,0.38992292785671606,0.8711302345432709,157,62,95,0.43661971830985913,0.39490445859872614,313,99,214,0.6971830985915493,0.31629392971246006
5,CatBoost,all_33,class_weight,6245,1561,142,0.3681738983851237,0.8675867750548394,157,61,96,0.4295774647887324,0.3885350318471338,313,100,213,0.704225352112676,0.3194888178913738
5,CatBoost,all_33,ros,6245,1561,142,0.35750732409548575,0.8629316420014094,157,60,97,0.4225352112676056,0.3821656050955414,313,91,222,0.6408450704225352,0.29073482428115016
5,XGBoost,all_33,none,6245,1561,142,0.3351879675189079,0.8550705217917796,157,60,97,0.4225352112676056,0.3821656050955414,313,92,221,0.647887323943662,0.2939297124600639
5,XGBoost,all_33,class_weight,6245,1561,142,0.35972344718078836,0.8570159505305264,157,63,94,0.44366197183098594,0.4012738853503185,313,91,222,0.6408450704225352,0.29073482428115016
5,XGBoost,all_33,ros,6245,1561,142,0.37978802007775425,0.8581474754091852,157,64,93,0.4507042253521127,0.40764331210191085,313,87,226,0.6126760563380281,0.2779552715654952
5,LightGBM,all_33,none,6245,1561,142,0.3418836672440628,0.8496908157897349,157,61,96,0.4295774647887324,0.3885350318471338,313,89,224,0.6267605633802817,0.28434504792332266
5,LightGBM,all_33,class_weight,6245,1561,142,0.35829707951301754,0.8500481394356271,157,62,95,0.43661971830985913,0.39490445859872614,313,87,226,0.6126760563380281,0.2779552715654952
5,LightGBM,all_33,ros,6245,1561,142,0.3450116688670119,0.8492789010312758,157,57,100,0.4014084507042254,0.3630573248407643,313,86,227,0.6056338028169014,0.2747603833865815
5,CatBoost,shap_top_15,none,6245,1561,142,0.4233773383876747,0.874073191793467,157,69,88,0.4859154929577465,0.4394904458598726,313,98,215,0.6901408450704225,0.31309904153354634
5,CatBoost,shap_top_15,class_weight,6245,1561,142,0.38691882210817596,0.8702021856296341,157,66,91,0.4647887323943662,0.42038216560509556,313,96,217,0.676056338028169,0.30670926517571884
5,CatBoost,shap_top_15,ros,6245,1561,142,0.38973204637915837,0.8632294117063196,157,65,92,0.45774647887323944,0.4140127388535032,313,94,219,0.6619718309859155,0.3003194888178914
5,XGBoost,shap_top_15,none,6245,1561,142,0.3889668853279973,0.8577703004496324,157,62,95,0.43661971830985913,0.39490445859872614,313,92,221,0.647887323943662,0.2939297124600639
5,XGBoost,shap_top_15,class_weight,6245,1561,142,0.4119805613099284,0.8592591489741834,157,68,89,0.4788732394366197,0.43312101910828027,313,92,221,0.647887323943662,0.2939297124600639
5,XGBoost,shap_top_15,ros,6245,1561,142,0.41075159695418895,0.856425373949121,157,65,92,0.45774647887323944,0.4140127388535032,313,93,220,0.6549295774647887,0.2971246006389776
5,LightGBM,shap_top_15,none,6245,1561,142,0.3954932113779542,0.8593832196845627,157,67,90,0.47183098591549294,0.4267515923566879,313,92,221,0.647887323943662,0.2939297124600639
5,LightGBM,shap_top_15,class_weight,6245,1561,142,0.36736134204509013,0.852082899085847,157,66,91,0.4647887323943662,0.42038216560509556,313,92,221,0.647887323943662,0.2939297124600639
5,LightGBM,shap_top_15,ros,6245,1561,142,0.3727330303250463,0.8522417095951326,157,62,95,0.43661971830985913,0.39490445859872614,313,92,221,0.647887323943662,0.2939297124600639
