model,feature_set,treatment,recall_10_mean,recall_10_std,recall_20_mean,recall_20_std,precision_10_mean,precision_20_mean,found_10_total,found_20_total,false_alarms_10_total,false_alarms_20_total,pr_auc_mean,roc_auc_mean
CatBoost,shap_top_15,none,0.4388161134640008,0.03805857593161287,0.661016448340392,0.04430161941240613,0.3974522292993631,0.3003194888178914,312,470,473,1095,0.36413949097758247,0.8543361897707846
CatBoost,all_33,none,0.42475130503299513,0.016071806469275952,0.6567812469220919,0.04553986781895566,0.38471337579617837,0.2984025559105431,302,467,483,1098,0.36401901770580125,0.8528440164982463
CatBoost,shap_top_15,class_weight,0.420545651531567,0.030207147556847037,0.6539938934305132,0.03221315875903778,0.38089171974522296,0.2971246006389776,299,465,486,1100,0.3578226475299521,0.8480762029462265
CatBoost,all_33,class_weight,0.4149118487146656,0.029905993752742534,0.6497980892347089,0.034146908367528456,0.37579617834394907,0.2952076677316294,295,462,490,1103,0.34455471851698694,0.8478963819731471
XGBoost,all_33,class_weight,0.40790899241603473,0.029549373712403116,0.6483600906136118,0.02425051760053091,0.3694267515923567,0.29456869009584663,290,461,495,1104,0.3423303180834948,0.8441355089540183
XGBoost,shap_top_15,ros,0.4120850980005909,0.030729979549716673,0.6469811878262582,0.03076326984858635,0.37324840764331213,0.2939297124600639,293,460,492,1105,0.3575092304626938,0.841135225829863
XGBoost,all_33,none,0.4134935487048163,0.016490698318238392,0.6469713385206343,0.012713981038401382,0.3745222929936306,0.2939297124600639,294,460,491,1105,0.33612223194924734,0.8456246004142262
LightGBM,shap_top_15,ros,0.4261302078203487,0.021219539796234956,0.6455333398995371,0.027618158113239786,0.38598726114649684,0.29329073482428114,303,459,482,1106,0.3539020835095573,0.8392083851393621
XGBoost,shap_top_15,none,0.40649069240618535,0.018068724985477857,0.6455333398995371,0.0340515687570263,0.3681528662420382,0.29329073482428114,289,459,496,1106,0.347946625101671,0.8445436061521582
XGBoost,shap_top_15,class_weight,0.4177287501231163,0.034797971029877584,0.6427459864079582,0.026221697614223705,0.378343949044586,0.29201277955271565,297,457,488,1108,0.35333896372410356,0.8425097210703022
LightGBM,shap_top_15,class_weight,0.427548507830198,0.02515001917626397,0.6399093863882597,0.024657540409846235,0.3872611464968153,0.29073482428115016,304,455,481,1110,0.34733868463309375,0.8389038479411586
LightGBM,all_33,class_weight,0.41492169802028955,0.020209793545852797,0.6371220328966808,0.041022218992749486,0.37579617834394907,0.28945686900958467,295,453,490,1112,0.3397445059628295,0.8405492927900099
LightGBM,all_33,none,0.4177189008174924,0.026074732201583503,0.637102334285433,0.012732537228784375,0.378343949044586,0.28945686900958467,297,453,488,1112,0.3354925593402198,0.84142835893424
XGBoost,all_33,ros,0.41493154732591353,0.03852722742689215,0.6356938835812075,0.030045923894611744,0.37579617834394907,0.2888178913738019,295,452,490,1113,0.3487246226933559,0.8432011298312702
CatBoost,shap_top_15,ros,0.4190978036048459,0.04402950010332221,0.6314488328572836,0.05509590993533365,0.3796178343949045,0.28690095846645364,298,449,487,1116,0.3537595814560485,0.8413854912023628
LightGBM,shap_top_15,none,0.4304048064611445,0.02961758833538557,0.6286516300600808,0.030997542442425384,0.38980891719745225,0.2856230031948882,306,447,479,1118,0.34999267652203525,0.8416975038777738
LightGBM,all_33,ros,0.4008273416724121,0.032364850501851956,0.6244558258642765,0.012361094377615536,0.36305732484076436,0.2837060702875399,285,444,500,1121,0.34292971532021543,0.8371303690602145
CatBoost,all_33,ros,0.41773859942874025,0.029558022993484784,0.618871269575495,0.03201998503166207,0.378343949044586,0.28115015974440893,297,440,488,1125,0.33926710734672183,0.8421326502260309
