feature,top15_folds
active_days_30d,5
activity_change_30d,5
days_since_last_game,5
games_30d,5
games_7d,5
games_90d,5
max_gap_30d,5
unique_modes_30d,5
winrate_20,5
mode_switch_rate_20,4
winrate_change_10,4
avg_gap_30d,3
last_gap,3
losing_streak,3
avg_damage_per_min_20,2
avg_kda_20,2
games_prev30d,2
normal_ratio_30d,2
unique_champions_20,2
avg_cs_per_min_20,1
avg_deaths_20,1
avg_kills_20,1
aram_ratio_30d,0
arena_ratio_30d,0
avg_assists_20,0
avg_game_duration_20,0
avg_gold_per_min_20,0
avg_vision_per_min_20,0
other_ratio_30d,0
ranked_flex_ratio_30d,0
ranked_solo_ratio_30d,0
rotating_ratio_30d,0
top_champion_ratio_20,0
