model,fold,users,churn_users,pr_auc_ap,roc_auc,f1_at_0_5,selected_10,found_10,false_alarms_10,precision_10,recall_10,selected_20,found_20,false_alarms_20,precision_20,recall_20
transformer,1,2027,1153,0.7778088026485737,0.684340522485368,0.6850102669404518,203,197,6,0.9704433497536946,0.17085862966175194,406,362,44,0.8916256157635468,0.3139635732870772
summary_catboost,1,2027,1153,0.8352312485129241,0.7480704003683556,0.6816229116945107,203,203,0,1.0,0.17606244579358196,406,406,0,1.0,0.3521248915871639
transformer,2,2027,1152,0.7602532678582421,0.6854771825396825,0.6843393148450244,203,182,21,0.896551724137931,0.1579861111111111,406,352,54,0.8669950738916257,0.3055555555555556
summary_catboost,2,2027,1152,0.8475995497274627,0.7656448412698413,0.7072383586906409,203,203,0,1.0,0.1762152777777778,406,406,0,1.0,0.3524305555555556
transformer,3,2026,1152,0.7721988822082984,0.6814196383168065,0.6579892280071813,203,198,5,0.9753694581280788,0.171875,406,359,47,0.8842364532019704,0.3116319444444444
summary_catboost,3,2026,1152,0.8351103721916331,0.7524899488304094,0.6852288815479,203,203,0,1.0,0.1762152777777778,406,404,2,0.9950738916256158,0.3506944444444444
transformer,4,2026,1152,0.7618346085319143,0.660822686244597,0.6328303612254229,203,198,5,0.9753694581280788,0.171875,406,361,45,0.8891625615763546,0.3133680555555556
summary_catboost,4,2026,1152,0.830663253023432,0.744061665713196,0.6715614292706804,203,203,0,1.0,0.1762152777777778,406,404,2,0.9950738916256158,0.3506944444444444
transformer,5,2026,1152,0.7589687811707708,0.6773346125730995,0.6827309236947792,203,181,22,0.8916256157635468,0.15711805555555555,406,363,43,0.8940886699507389,0.3151041666666667
summary_catboost,5,2026,1152,0.8336548561758511,0.7427387252097636,0.6773132926256459,203,203,0,1.0,0.1762152777777778,406,406,0,1.0,0.3524305555555556
